player_id,player_name,team,runs_mean,runs_std,runs_max,runs_sum,balls_mean,balls_sum,fours_mean,fours_sum,sixes_mean,sixes_sum,strike_rate_mean,strike_rate_std,overs_mean,overs_sum,maidens_mean,maidens_sum,runs_conceded_mean,runs_conceded_sum,wickets_mean,wickets_sum,economy_mean,economy_std,batting_points_mean,batting_points_std,batting_points_max,batting_points_sum,bowling_points_mean,bowling_points_std,bowling_points_max,bowling_points_sum,fielding_points_mean,fielding_points_sum,total_points_mean,total_points_std,total_points_max,total_points_sum,batting_form,boundary_rate,bowling_form,wicket_rate,all_rounder_score,points_consistency,is_batsman,is_bowler,is_all_rounder
CSK_1,Hardik Jadeja,Chennai Super Kings,1.026814768736111,0.7811165711510273,0.850888652371929,1.0268147687361109,0.5474343917375515,0.5474343917375516,0.8360816927854783,0.8360816927854784,1.3081614242625113,1.3081614242625108,1.5699985253470923,-0.10089305426632374,-0.8743496442429807,-0.8743496442429807,-0.8643744329026788,-0.8643744329026788,-0.9061972700860873,-0.9061972700860871,-0.8858216163204213,-0.8858216163204212,-0.9107216724808479,-0.9030062332964561,1.0974898005531137,0.7797595912820601,1.0412370391261954,1.0974898005531128,-0.8833859249948562,-0.8945382658207964,-0.9100745252635992,-0.8833859249948566,0.0,0.0,0.48531146957094023,-0.5120795111493266,0.030153240973326077,0.48531146957094,1.4501222690820168,1.3207197908878203,,,0.4853114695709402,0.7756300401556544,0.7559289460184545,-0.7559289460184545,-0.316227766016838
CSK_10,Sanju Thakur,Chennai Super Kings,-1.301397256938981,-1.2353222414490335,-1.241114077383559,-1.3013972569389813,-1.3133678714788284,-1.3133678714788284,-1.0843843764897505,-1.0843843764897505,-0.9539867155102155,-0.9539867155102155,0.36129576815889414,3.712085220015878,0.47468817319462153,0.4746881731946216,0.6496572170860898,0.6496572170860898,0.9016702203006871,0.9016702203006876,0.8678859705456543,0.8678859705456545,1.0857377796905954,1.202670486649184,-1.2755412338941525,-1.1615548988615976,-1.1415573891108264,-1.2755412338941532,0.9352034765454798,1.4744873614890746,1.0964409095725902,0.9352034765454798,0.0,0.0,-0.6773694903445938,1.6575370095774844,-0.015283149534426006,-0.677369490344594,-1.1488377614475596,-0.03083537971106134,-0.5265919118297793,0.6889792030412506,-0.6773694903445937,-1.4323930221951513,-1.3228756555322954,1.3228756555322954,-0.316227766016838
CSK_11,Ravichandran Rahul,Chennai Super Kings,-1.453626504771583,-1.3373940813101501,-1.357336451258864,-1.4536265047715835,-1.4522337120173645,-1.4522337120173643,-1.4400262411703484,-1.4400262411703484,-1.3310114054723368,-1.3310114054723365,-0.7096821280122634,1.9664658801995942,1.1095294990476108,1.109529499047611,1.5580762070793506,1.558076207079351,1.204785727670925,1.2047857276709253,0.8678859705456543,0.8678859705456545,0.8729674805663853,1.0570315909255255,-1.4385739003828961,-1.3466200654428966,-1.3234569247972447,-1.4385739003828966,0.9015258950354736,1.3586304552766995,1.1447906790867153,0.9015258950354735,0.0,0.0,-0.9537017364231739,1.2302256363139452,-0.24246510207318642,-0.9537017364231739,-1.3640008021766534,-1.61768123209601,0.049020807784856284,-0.5386784936812402,-0.9537017364231734,-1.4780301127510682,-1.3228756555322954,1.3228756555322954,-0.316227766016838
CSK_2,MS Ashwin,Chennai Super Kings,0.9954734530058694,1.2168533004560371,0.850888652371929,0.9954734530058693,1.1140070211347777,1.1140070211347777,0.5515682010409999,0.551568201041,1.3081614242625113,1.3081614242625108,0.28166455732519474,-0.27101794471564955,-0.8743496442429807,-0.8743496442429807,-0.8643744329026788,-0.8643744329026788,-0.9061972700860873,-0.9061972700860871,-0.8858216163204213,-0.8858216163204212,-0.9107216724808479,-0.9030062332964561,0.9706866155063131,1.1800554900413602,0.9199706820019165,0.9706866155063124,-0.8833859249948562,-0.8945382658207964,-0.9100745252635992,-0.8833859249948566,0.0,0.0,0.3028279108398023,0.002577505609212147,-0.15159232105768225,0.30282791083980237,0.8307427050551661,0.30342715218559657,,,0.3028279108398023,0.14697563267918085,0.7559289460184545,-0.7559289460184545,-0.316227766016838
CSK_3,Suryakumar Yadav,Chennai Super Kings,0.7313109347081187,0.19476472822282712,0.6959254872048558,0.7313109347081185,0.8751577754084964,0.8751577754084962,0.8360816927854783,0.8360816927854784,1.3081614242625113,1.3081614242625108,0.2659446136321175,-0.05662585205326109,-0.8743496442429807,-0.8743496442429807,-0.8643744329026788,-0.8643744329026788,-0.9061972700860873,-0.9061972700860871,-0.8858216163204213,-0.8858216163204212,-0.9107216724808479,-0.9030062332964561,0.800408052729181,0.43935905174932205,0.9199706820019165,0.8004080527291804,-0.8833859249948562,-0.8945382658207964,-0.9100745252635992,-0.8833859249948566,0.0,0.0,0.0577785605437034,-0.9497295763183886,-0.15159232105768225,0.05777856054370326,0.5956503037829128,0.8468696786240976,,,0.057778560543703394,0.8035896346611618,0.7559289460184545,-0.7559289460184545,-0.316227766016838
CSK_4,Shreyas Shami,Chennai Super Kings,0.9462228140012041,-0.014505376408702577,0.6571846959130875,0.9462228140012039,0.602980727952966,0.602980727952966,0.3381830822326411,0.33818308223264126,0.4284371476842283,0.42843714768422836,1.1461789410549885,-0.17706344329577722,-0.8743496442429807,-0.8743496442429807,-0.8643744329026788,-0.8643744329026788,-0.9061972700860873,-0.9061972700860871,-0.8858216163204213,-0.8858216163204212,-0.9107216724808479,-0.9030062332964561,0.9272112377759815,0.059456933663089885,0.6471213784722887,0.9272112377759809,-0.8833859249948562,-0.8945382658207964,-0.9100745252635992,-0.8833859249948566,0.0,0.0,0.24026211927484087,-1.4381664835175727,-0.560519835627451,0.2402621192748409,1.1747772573905766,0.17690026603965736,,,0.24026211927484084,1.6852957775201887,0.7559289460184545,-0.7559289460184545,-0.316227766016838
CSK_5,Shreyas Chahar,Chennai Super Kings,0.5298310478708511,0.7881519563362737,0.8121478610801607,0.5298310478708509,0.2141563744450655,0.21415637444506563,1.049466811593837,1.049466811593837,1.1824865276084706,1.1824865276084704,1.2297298228882743,-0.36307117856558774,-0.8743496442429807,-0.8743496442429807,-0.8643744329026788,-0.8643744329026788,-0.9061972700860873,-0.9061972700860871,-0.8858216163204213,-0.8858216163204212,-0.9107216724808479,-0.9030062332964561,0.6120147492310773,0.908831853665532,0.9502872712829862,0.6120147492310768,-0.8833859249948562,-0.8945382658207964,-0.9100745252635992,-0.8833859249948566,0.0,0.0,-0.21333986957112977,-0.3461324062440714,-0.10615593054993018,-0.2133398695711298,0.7907915460921942,2.105689335184549,,,-0.21333986957112974,-0.05188675334455655,0.7559289460184545,-0.7559289460184545,-0.316227766016838
CSK_6,Jasprit Chahal,Chennai Super Kings,1.2103853322989548,0.08760910020664166,0.850888652371929,1.2103853322989546,1.308419197888728,1.3084191978887278,0.7649533198493587,0.7649533198493588,1.8108610108786725,1.8108610108786722,0.5951969775973618,-0.17445131478279693,-0.8743496442429807,-0.8743496442429807,-0.8643744329026788,-0.8643744329026788,-0.9061972700860873,-0.9061972700860871,-0.8858216163204213,-0.8858216163204212,-0.9107216724808479,-0.9030062332964561,1.213424141167331,0.20945380697751192,0.8896540927208467,1.2134241411673305,-0.8833859249948562,-0.8945382658207964,-0.9100745252635992,-0.8833859249948566,0.0,0.0,0.6521535804108369,-1.245316785126014,-0.19702871156543433,0.6521535804108373,1.1697431066247566,0.5354675762834084,,,0.6521535804108368,1.8890210639544325,0.7559289460184545,-0.7559289460184545,-0.316227766016838
CSK_7,Mohammed Pant,Chennai Super Kings,0.9417454831825981,1.0763487810651404,0.850888652371929,0.9417454831825979,1.291755297024104,1.2917552970241035,0.19592633636040208,0.1959263363604021,0.05141245772210721,0.05141245772210731,-0.29510471534023675,-0.6810696708538284,0.47468817319462153,0.4746881731946216,0.6496572170860898,0.6496572170860898,0.8204785665408021,0.8204785665408024,1.4159195914413032,1.4159195914413032,0.9747994142343103,0.9519867236524817,0.8946047044782328,0.8017852200789166,0.6471213784722887,0.8946047044782321,1.4108993153743175,0.8899425870670256,1.1447906790867153,1.4108993153743177,0.0,0.0,3.0348674758431198,-0.3521691541195329,3.3015733575314763,3.0348674758431198,0.5266917049312204,-0.7847040686694804,1.3540026813308677,1.8878636724968083,3.034867475843119,3.0456227486353478,0.7559289460184545,-0.7559289460184545,3.16227766016838
CSK_8,Ravindra Dhawan,Chennai Super Kings,-1.1670773323808024,-1.2701993562123457,-1.241114077383559,-1.1670773323808028,-1.191165931804917,-1.1911659318049168,-0.6576141388730329,-0.657614138873033,-1.3310114054723368,-1.3310114054723365,-0.701966565097289,-0.85250130867317,1.5856604934373528,1.585660493437353,1.5580762070793506,1.558076207079351,1.231849612257553,1.2318496122575535,1.0870994189039138,1.087099418903914,1.2367987957378788,0.9197729224990723,-1.1668527895683238,-1.246190572073091,-1.2021905676729658,-1.166852789568324,1.0530750118305017,1.282738730893528,1.0964409095725902,1.0530750118305017,0.0,0.0,-0.37496816444728037,1.5815643946629798,0.43908075554309484,-0.37496816444728026,-1.1590416347228938,0.2108978590985598,-0.3052714013339808,-0.7806211143558842,-0.3749681644472799,-1.2094693507714702,-1.3228756555322954,1.3228756555322954,-0.316227766016838
CSK_9,Yuzvendra Chahar,Chennai Super Kings,-1.270055941208739,-1.3800352165758167,-1.396077242550632,-1.2700559412087395,-1.296703970614204,-1.296703970614204,-1.0843843764897505,-1.0843843764897505,-0.9539867155102155,-0.9539867155102155,-0.753912520765489,-0.5984859551751643,1.268239830510858,1.2682398305108582,1.255269877081597,1.255269877081597,0.9016702203006871,0.9016702203006876,0.9774926947247843,0.9774926947247843,1.0687472836817504,1.1372499976516184,-1.2501805968847928,-1.3832465440598545,-1.4144066926404542,-1.250180596884793,0.9478325696117321,0.8797144593781967,1.0964409095725902,0.9478325696117321,0.0,0.0,-0.6252313307071262,0.3599531229711459,-0.2879014925809385,-0.6252313307071261,-1.2379182235775046,-0.08576920740354199,-0.18099346746413433,-0.5809502720116732,-0.6252313307071261,-0.8675300051834002,-1.3228756555322954,1.3228756555322954,-0.316227766016838
DC_1,Ravindra Chahar,Delhi Capitals,0.8656308592662971,1.2815581635421787,0.8896294436636973,0.8656308592662968,1.2139904263225234,1.2139904263225236,0.6226965739771195,0.6226965739771196,0.5541120443382689,0.5541120443382688,-0.20062001440284155,-0.631880846385201,-0.8743496442429807,-0.8743496442429807,-0.8643744329026788,-0.8643744329026788,-0.9061972700860873,-0.9061972700860871,-0.8858216163204213,-0.8858216163204212,-0.9107216724808479,-0.9030062332964561,0.8547522748920956,1.1924822311120102,0.9502872712829862,0.8547522748920948,-0.8833859249948562,-0.8945382658207964,-0.9100745252635992,-0.8833859249948566,0.0,0.0,0.13598579999990523,0.01855446042507245,-0.10615593054993018,0.1359857999999051,0.5086974553516147,-0.10863531915869609,,,0.13598579999990523,-0.011549397144069844,0.7559289460184545,-0.7559289460184545,-0.316227766016838
DC_10,KL Kumar,Delhi Capitals,-1.4222851890413413,-1.3463656927904353,-1.396077242550632,-1.4222851890413417,-1.346695673208077,-1.346695673208077,-1.4400262411703484,-1.4400262411703484,-1.3310114054723368,-1.3310114054723365,0.08526841039855855,5.0373197518050565,1.5856604934373528,1.585660493437353,0.9524635470838434,0.9524635470838435,1.2264368353402277,1.226436835340228,1.3063128672621735,1.3063128672621733,1.0295504173903154,1.1037694985611033,-1.4132132633735361,-1.360757474529252,-1.3840901033593842,-1.4132132633735364,1.2803986870230437,0.5569546751865948,1.1447906790867153,1.2803986870230435,0.0,0.0,-0.4479615879397353,-1.1485140571248627,-0.560519835627451,-0.4479615879397353,-1.2772916458113992,-1.801844910409948,0.854445128174701,-0.5176400049269234,-0.44796158793973523,0.4542006480801746,-1.3228756555322954,1.3228756555322954,-0.316227766016838
DC_11,Suryakumar Chahar,Delhi Capitals,-1.1491680091063785,-1.4728439234722515,-1.3185956599670956,-1.149168009106379,-1.0467454576448396,-1.0467454576448396,-1.0843843764897505,-1.0843843764897505,-1.2053365088182963,-1.2053365088182961,-0.7335302315676409,-0.14050292270033474,0.8714640018527396,0.87146400185274,1.255269877081597,1.255269877081597,1.1777218430842968,1.1777218430842968,1.1967061430830435,1.1967061430830437,0.9787013025582725,1.226556262951147,-1.1668527895683238,-1.4687539616698388,-1.3537735140783145,-1.166852789568324,1.234092012446785,1.3584779105788458,1.0964409095725902,1.234092012446785,0.0,0.0,-0.1507740780061683,1.007737430554398,-0.24246510207318642,-0.15077407800616832,-1.150158171957565,-1.0845758475030312,0.7028011158366954,0.37290966109387647,-0.15077407800616827,-0.8203295477481634,-1.3228756555322954,1.3228756555322954,-0.316227766016838
DC_2,Hardik Kohli,Delhi Capitals,0.5969910101499404,0.8472012420567089,0.8896294436636973,0.59699101014994,0.8085021719499992,0.808502171949999,0.8360816927854783,0.8360816927854784,0.5541120443382689,0.5541120443382688,0.03480780374072746,-0.7058777819182116,-0.8743496442429807,-0.8743496442429807,-0.8643744329026788,-0.8643744329026788,-0.9061972700860873,-0.9061972700860871,-0.8858216163204213,-0.8858216163204212,-0.9107216724808479,-0.9030062332964561,0.5612934752123573,0.910537545085011,0.859337503439777,0.5612934752123566,-0.8833859249948562,-0.8945382658207964,-0.9100745252635992,-0.8833859249948566,0.0,0.0,-0.2863332930635847,-0.34393941336010597,-0.24246510207318642,-0.28633329306358485,0.38885409064080023,0.5128122578686976,,,-0.2863332930635846,-0.12298615368266962,0.7559289460184545,-0.7559289460184545,-0.316227766016838
DC_3,Shreyas Dhawan,Delhi Capitals,0.4671484164103677,1.3495611316202172,0.850888652371929,0.4671484164103676,0.1141729692573197,0.11417296925731986,0.40931145516876083,0.4093114551687609,0.05141245772210721,0.05141245772210731,0.919168100636847,-0.3941011188248436,-0.8743496442429807,-0.8743496442429807,-0.8643744329026788,-0.8643744329026788,-0.9061972700860873,-0.9061972700860871,-0.8858216163204213,-0.8858216163204212,-0.9107216724808479,-0.9030062332964561,0.4344902901655566,1.1990192220660836,0.7683877355965677,0.4344902901655562,-0.8833859249948562,-0.8945382658207964,-0.9100745252635992,-0.8833859249948566,0.0,0.0,-0.46881685179472254,0.02695901384025459,-0.37877427359644267,-0.4688168517947225,0.6114703208088983,0.6928572922497277,,,-0.4688168517947225,-0.5467514410031589,0.7559289460184545,-0.7559289460184545,-0.316227766016838
DC_4,Ravichandran Yadav,Delhi Capitals,0.699969618977877,0.3075701203389568,0.6571846959130875,0.6999696189778768,0.6529724305468388,0.6529724305468388,0.19592633636040208,0.1959263363604021,0.4284371476842283,0.42843714768422836,0.6871648371560741,-0.6146082853525132,-0.8743496442429807,-0.8743496442429807,-0.8643744329026788,-0.8643744329026788,-0.9061972700860873,-0.9061972700860871,-0.8858216163204213,-0.8858216163204212,-0.9107216724808479,-0.9030062332964561,0.6627360232497975,0.3169816054580694,0.49553843206694,0.662736023249797,-0.8833859249948562,-0.8945382658207964,-0.9100745252635992,-0.8833859249948566,0.0,0.0,-0.14034644607867486,-1.1070692133768636,-0.7877017881662114,-0.14034644607867475,0.7409566756961379,-0.029534905422830774,,,-0.14034644607867486,0.7639883926838114,0.7559289460184545,-0.7559289460184545,-0.316227766016838
DC_5,Shikhar Shami,Delhi Capitals,0.798470896987208,1.411207081119632,0.8896294436636973,0.7984708969872076,1.3361923659964352,1.336192365996435,1.405108676274435,1.4051086762744351,0.4284371476842283,0.42843714768422836,-0.3809661400785416,-0.8054606211148359,-0.8743496442429807,-0.8743496442429807,-0.8643744329026788,-0.8643744329026788,-0.9061972700860873,-0.9061972700860871,-0.8858216163204213,-0.8858216163204212,-0.9107216724808479,-0.9030062332964561,0.8040310008733752,1.2653326198881971,0.9199706820019165,0.8040310008733746,-0.8833859249948562,-0.8945382658207964,-0.9100745252635992,-0.8833859249948566,0.0,0.0,0.06299237650744989,0.11221758281393504,-0.15159232105768225,0.06299237650745006,0.3790523906860435,0.3864001210961141,,,0.06299237650744989,-0.14195558811306566,0.7559289460184545,-0.7559289460184545,-0.316227766016838
DC_6,Rishabh Samson,Delhi Capitals,0.5566950327824869,1.1232607869745423,0.7346662784966241,0.5566950327824866,0.5863168270883417,0.5863168270883417,0.5515682010409999,0.551568201041,0.05141245772210721,0.05141245772210731,0.2889262635981128,-0.6081124814843305,-0.8743496442429807,-0.8743496442429807,-0.8643744329026788,-0.8643744329026788,-0.9061972700860873,-0.9061972700860871,-0.8858216163204213,-0.8858216163204212,-0.9107216724808479,-0.9030062332964561,0.5141951493378313,1.0053541430945985,0.7077545570344282,0.5141951493378307,-0.8833859249948562,-0.8945382658207964,-0.9100745252635992,-0.8833859249948566,0.0,0.0,-0.35411290059229306,-0.2220345234472807,-0.46964705461194683,-0.3541129005922931,0.4538710253127567,0.19674762072921617,,,-0.354112900592293,-0.2773363452929205,0.7559289460184545,-0.7559289460184545,-0.316227766016838
DC_7,Suryakumar Pandya,Delhi Capitals,0.7178789422523009,0.767327157300124,0.7734070697883925,0.7178789422523006,0.741846568491502,0.7418465684915018,0.8360816927854783,0.8360816927854784,1.4338363209165514,1.4338363209165512,0.40181278838619655,-0.2795657877396963,1.3475949962424818,1.347594996242482,0.9524635470838434,0.9524635470838435,1.2805646045134842,1.2805646045134846,0.9774926947247843,0.9774926947247843,1.1478287676432524,0.9889894659309222,0.7967851045849866,1.0636050421259275,0.9502872712829862,0.7967851045849861,0.9899295464992399,1.3761912344115057,1.1447906790867153,0.9899295464992399,0.0,0.0,2.3727128484472773,0.8269441291079235,1.4386813467136408,2.3727128484472777,0.6400293684387163,1.0990868738611854,-0.3796453040052192,-0.6726110158404185,2.3727128484472777,1.1504227648987868,0.7559289460184545,-0.7559289460184545,3.16227766016838
DC_8,Bhuvneshwar Iyer,Delhi Capitals,-1.2028959789296498,-1.0708059960551215,-1.241114077383559,-1.2028959789296505,-1.2467122680203313,-1.246712268020331,-1.1555127494258701,-1.1555127494258701,-0.8283118188561753,-0.8283118188561751,-0.38224519061524825,-0.11715811420509044,0.7127536703894924,0.7127536703894926,0.346850887088336,0.34685088708833606,0.8258913434581279,0.8258913434581281,0.4294590738291355,0.42945907382913556,1.059211317839605,0.9983741698824294,-1.1922134265776838,-1.0321888871316942,-1.1415573891108264,-1.1922134265776843,0.43845914927288804,1.0899140537342316,1.0964409095725902,0.4384591492728879,0.0,0.0,-1.172682006900539,1.1284909979782298,0.43908075554309484,-1.172682006900539,-1.1478433401366754,-0.23976403585295522,-1.6842229286658603,-0.7017267815271961,-1.1726820069005384,-1.5982750284063392,-1.3228756555322954,1.3228756555322954,-0.316227766016838
DC_9,Bhuvneshwar Yadav,Delhi Capitals,-1.4804904896832187,-1.2637520588104452,-1.4735588251341687,-1.4804904896832192,-1.3244771387219112,-1.3244771387219112,-1.2977694952981091,-1.2977694952981091,-1.5823611987804176,-1.5823611987804171,-2.341090457734788,0.049130820016819794,1.506305327705729,1.5063053277057294,1.5580762070793506,1.558076207079351,1.3130412660174382,1.3130412660174386,1.4159195914413032,1.4159195914413032,1.1791858668215307,1.5375877379788387,-1.4675574855364506,-1.340651437992612,-1.4750398712025936,-1.467557485536451,1.4108993153743175,1.3624842306410128,1.1447906790867153,1.4108993153743177,0.0,0.0,-0.36454053251978646,1.0478602651751423,-0.15159232105768225,-0.3645405325197867,-1.5005943900368484,-1.8353396435570486,0.698171599817511,-0.2941060619123067,-0.3645405325197869,-0.9922316544686807,-1.3228756555322954,1.3228756555322954,-0.316227766016838
GT_1,KL Jadeja,Gujarat Titans,0.8432442051732671,0.11741598524284469,0.8121478610801607,0.8432442051732671,0.7640651029776674,0.7640651029776675,1.1205951845299569,1.1205951845299567,0.6797869409923092,0.6797869409923091,0.8027332421017698,-0.1097427259452731,-0.8743496442429807,-0.8743496442429807,-0.8643744329026788,-0.8643744329026788,-0.9061972700860873,-0.9061972700860871,-0.8858216163204213,-0.8858216163204212,-0.9107216724808479,-0.9030062332964561,0.8402604823153182,0.2908165335728628,0.7987043248776374,0.8402604823153177,-0.8833859249948562,-0.8945382658207964,-0.9100745252635992,-0.8833859249948566,0.0,0.0,0.11513053614491793,-1.140709422735617,-0.3333378830886906,0.11513053614491794,0.9237656311981431,0.9245956386510582,,,0.11513053614491792,1.1026472615662801,0.7559289460184545,-0.7559289460184545,-0.316227766016838
GT_10,Shardul Dhoni,Gujarat Titans,-1.2297599638412855,-1.0698218185706603,-1.241114077383559,-1.2297599638412862,-1.2522669016418728,-1.2522669016418726,-1.0843843764897505,-1.0843843764897505,-1.4566863021263772,-1.456686302126377,0.6522591354123911,3.644744483013215,0.8714640018527396,0.87146400185274,0.9524635470838434,0.9524635470838435,1.069466304737783,1.0694663047377835,0.9774926947247843,0.9774926947247843,1.1271448469110994,0.5856533613604249,-1.2465576487405983,-1.1796690441888487,-1.3234569247972447,-1.2465576487405987,1.0320265233867476,1.346415976431768,1.0964409095725902,1.0320265233867476,0.0,0.0,-0.5157411954684437,1.5805404340814733,-0.015283149534426006,-0.5157411954684435,-1.0537357543477262,-1.078717546573438,-0.3291764318088198,0.0023453705348858156,-0.5157411954684435,-1.3014535615750005,-1.3228756555322954,1.3228756555322954,-0.316227766016838
GT_11,Kuldeep Yadav,Gujarat Titans,-1.3148292493947986,-0.9804882229456698,-1.241114077383559,-1.314829249394799,-1.3911327421804083,-1.3911327421804085,-1.0132560035536307,-1.0132560035536309,-0.8283118188561753,-0.8283118188561751,-1.1500055901973616,0.24176072692952535,0.7127536703894924,0.7127536703894926,1.255269877081597,1.255269877081597,0.988274650977898,0.9882746509778984,0.4294590738291355,0.42945907382913556,0.8892189944129174,1.031870586645431,-1.2755412338941525,-0.9717499182853369,-1.2021905676729658,-1.2755412338941532,0.42162035851788476,0.8293441490326461,1.1447906790867153,0.4216203585178848,0.0,0.0,-1.3134550379217023,0.02695901384025459,0.030153240973326077,-1.3134550379217023,-1.3081578697148433,0.7490350294409728,-1.337821261072687,-0.7017267815271961,-1.3134550379217023,-1.285548967817693,-1.3228756555322954,1.3228756555322954,-0.316227766016838
GT_2,Kuldeep Yadav,Gujarat Titans,0.9641321372756276,0.5563439418968408,0.8121478610801607,0.9641321372756276,0.6140899951960487,0.6140899951960488,0.6938249469132393,0.6938249469132393,1.1824865276084706,1.1824865276084704,1.3316412688775165,-0.05173697587605524,-0.8743496442429807,-0.8743496442429807,-0.8643744329026788,-0.8643744329026788,-0.9061972700860873,-0.9061972700860871,-0.8858216163204213,-0.8858216163204212,-0.9107216724808479,-0.9030062332964561,0.9743095636505071,0.5487405516328577,0.7987043248776374,0.9743095636505067,-0.8833859249948562,-0.8945382658207964,-0.9100745252635992,-0.8833859249948566,0.0,0.0,0.3080417268035488,-0.8090987165141398,-0.3333378830886906,0.30804172680354913,1.2761297903067894,0.9902126763182922,,,0.3080417268035488,0.9142265444678388,0.7559289460184545,-0.7559289460184545,-0.316227766016838
GT_3,Ravindra Shami,Gujarat Titans,0.7492202579825422,1.3461384380235744,0.7346662784966241,0.7492202579825422,0.5918714607098833,0.5918714607098831,1.049466811593837,1.049466811593837,1.1824865276084706,1.1824865276084704,0.5502651700336831,-0.1156493314087392,-0.8743496442429807,-0.8743496442429807,-0.8643744329026788,-0.8643744329026788,-0.9061972700860873,-0.9061972700860871,-0.8858216163204213,-0.8858216163204212,-0.9107216724808479,-0.9030062332964561,0.7605556231430436,1.470540270433741,0.9199706820019165,0.760555623143043,-0.8833859249948562,-0.8945382658207964,-0.9100745252635992,-0.8833859249948566,0.0,0.0,0.0004265849424884302,0.3760513057502348,-0.15159232105768225,0.0004265849424885784,0.72960449889684,1.401520663915977,,,0.00042658494248843016,-0.3666763119271778,0.7559289460184545,-0.7559289460184545,-0.316227766016838
GT_4,Shardul Kohli,Gujarat Titans,0.6507189799732117,0.8852296952606786,0.8121478610801607,0.6507189799732114,0.7029641331407118,0.7029641331407117,0.19592633636040208,0.1959263363604021,-0.07426243893193304,-0.07426243893193303,0.42586719041523624,-0.2291966248315329,-0.8743496442429807,-0.8743496442429807,-0.8643744329026788,-0.8643744329026788,-0.9061972700860873,-0.9061972700860871,-0.8858216163204213,-0.8858216163204212,-0.9107216724808479,-0.9030062332964561,0.593900008510106,0.734268231532832,0.7077545570344282,0.5939000085101053,-0.8833859249948562,-0.8945382658207964,-0.9100745252635992,-0.8833859249948566,0.0,0.0,-0.23940894938986357,-0.5705673636838967,-0.46964705461194683,-0.23940894938986373,0.5903261563162973,-0.374766992735975,,,-0.23940894938986354,0.1092267983145778,0.7559289460184545,-0.7559289460184545,-0.316227766016838
GT_5,Mohammed Iyer,Gujarat Titans,0.5611723636010926,0.5306620071996832,0.8121478610801607,0.5611723636010925,0.3419129477405188,0.3419129477405186,0.19592633636040208,0.1959263363604021,0.30276225103018806,0.302762251030188,0.8275715783307267,-0.06839119347041459,-0.8743496442429807,-0.8743496442429807,-0.8643744329026788,-0.8643744329026788,-0.9061972700860873,-0.9061972700860871,-0.8858216163204213,-0.8858216163204212,-0.9107216724808479,-0.9030062332964561,0.5141951493378313,0.5153534497250066,0.738071146315498,0.5141951493378307,-0.8833859249948562,-0.8945382658207964,-0.9100745252635992,-0.8833859249948566,0.0,0.0,-0.35411290059229306,-0.8520242281653099,-0.4242106641041948,-0.3541129005922931,0.6665868332449766,0.26807960594184044,,,-0.354112900592293,0.24989324511705827,0.7559289460184545,-0.7559289460184545,-0.316227766016838
GT_6,Shikhar Rahul,Gujarat Titans,0.3059645069405536,0.25893262073189066,0.4247399481624778,0.30596450694055355,0.3974592839559328,0.39745928395593294,0.05366959048816304,0.05366959048816292,-0.07426243893193304,-0.07426243893193303,0.48144399921989595,-0.28651192997870784,-0.8743496442429807,-0.8743496442429807,-0.8643744329026788,-0.8643744329026788,-0.9061972700860873,-0.9061972700860871,-0.8858216163204213,-0.8858216163204212,-0.9107216724808479,-0.9030062332964561,0.24971993481164734,0.18112500733572603,0.2833223070994518,0.2497199348116469,-0.8833859249948562,-0.8945382658207964,-0.9100745252635992,-0.8833859249948566,0.0,0.0,-0.7347214659458088,-1.2817388807737107,-1.1057565217204761,-0.7347214659458087,0.30367141612120324,-0.21090627149992403,,,-0.7347214659458087,0.26031678811242726,0.7559289460184545,-0.7559289460184545,-0.316227766016838
GT_7,Jasprit Samson,Gujarat Titans,0.5074443937778211,0.22358443623166568,0.7346662784966241,0.5074443937778211,0.29192124514664586,0.2919212451466457,0.6226965739771195,0.6226965739771196,0.05141245772210721,0.05141245772210731,0.7344897070142369,-0.304077022169804,1.4269501619741052,1.4269501619741056,0.9524635470838434,0.9524635470838435,1.058640750903132,1.0586407509031321,0.648672522187395,0.648672522187395,0.7916982968072259,0.9411612563827608,0.47796566789588824,0.3718629045741479,0.616804789191219,0.47796566789588774,0.7162991967304394,1.4062427291300326,1.1447906790867153,0.7162991967304393,0.0,0.0,1.5749990059940184,2.9255087603770136,3.16526418600822,1.5749990059940189,0.5802446004043206,0.6746719216537993,-0.40050887760372533,-1.1796269355584459,1.5749990059940184,-0.5548184607796383,0.7559289460184545,-0.7559289460184545,3.16227766016838
GT_8,Ishan Pant,Gujarat Titans,-1.2566239487529212,-0.8997065050804297,-1.3185956599670956,-1.2566239487529218,-1.1300649619679612,-1.130064961967961,-1.3688978682342288,-1.3688978682342288,-1.2053365088182963,-1.2053365088182961,-1.1821056326992365,1.4386565014932713,0.9508191675843635,0.9508191675843636,-0.2587617729071714,-0.25876177290717134,0.6689208128556833,0.6689208128556836,1.1967061430830435,1.1967061430830437,1.1573843033529754,1.2126647566762083,-1.2682953376057642,-1.0473384201670717,-1.3234569247972447,-1.2682953376057644,1.1835756401817754,1.1462441899703533,1.0964409095725902,1.1835756401817756,0.0,0.0,-0.35932671655604,0.7207223242819377,0.2573351935120865,-0.35932671655603987,-1.2740998824777316,-1.6908525593930854,0.17966594659226473,0.21985049760211947,-0.35932671655604,-0.8385652985414275,-1.3228756555322954,1.3228756555322954,-0.316227766016838
GT_9,Deepak Chahal,Gujarat Titans,-1.386466542492494,-1.190680870037166,-1.357336451258864,-1.3864665424924942,-1.4077966430450326,-1.4077966430450328,-1.2977694952981091,-1.2977694952981091,-0.9539867155102155,-0.9539867155102155,-1.2769204111944905,0.5559169397562403,0.9508191675843635,0.9508191675843636,0.9524635470838434,0.9524635470838435,1.188547396918948,1.1885473969189482,1.4159195914413032,1.4159195914413032,1.0715987002888472,1.2524122989824715,-1.3552460930664274,-1.1924820865830972,-1.3840901033593842,-1.3552460930664276,1.4108993153743175,1.0123147370950243,1.1447906790867153,1.4108993153743177,0.0,0.0,-0.20291223764363633,1.1602315233434635,0.21189880300433442,-0.2029122376436362,-1.3652711088437515,-0.43723359478298546,1.0265373925173942,0.5743032972672406,-0.2029122376436363,-0.9260267849173661,-1.3228756555322954,1.3228756555322954,-0.316227766016838
KKR_1,Ravichandran Pant,Kolkata Knight Riders,0.623854995061576,0.328442116772173,0.38599915687070946,0.6238549950615757,0.9029309435162034,0.9029309435162033,1.262851930402196,1.262851930402196,0.05141245772210721,0.05141245772210731,-0.31197993048582323,-0.5709939852099869,-0.8743496442429807,-0.8743496442429807,-0.8643744329026788,-0.8643744329026788,-0.9061972700860873,-0.9061972700860871,-0.8858216163204213,-0.8858216163204212,-0.9107216724808479,-0.9030062332964561,0.6337524380962432,0.4378815546002341,0.374272074942661,0.6337524380962426,-0.8833859249948562,-0.8945382658207964,-0.9100745252635992,-0.8833859249948566,0.0,0.0,-0.18205697378864902,-0.9516291817786885,-0.9694473501972197,-0.18205697378864905,0.2732612114584515,0.5381221213896324,,,-0.18205697378864902,0.5402527499029713,0.7559289460184545,-0.7559289460184545,-0.316227766016838
KKR_10,Shikhar Kishan,Kolkata Knight Riders,-1.2028959789296498,-1.2246375693072933,-1.3185956599670956,-1.2028959789296505,-1.1745020309402927,-1.1745020309402925,-1.2266411223619895,-1.2266411223619897,-1.2053365088182963,-1.2053365088182961,-1.2195694355163342,-0.12083908055624604,0.6333985046578687,0.633398504657869,0.9524635470838434,0.9524635470838435,0.9449724356392926,0.9449724356392929,0.9774926947247843,0.9774926947247843,1.1566121673088365,1.0946293001106666,-1.217574063587044,-1.280610120270068,-1.293140335516175,-1.2175740635870442,0.9394131742342307,1.0332114448096728,1.0964409095725902,0.9394131742342305,0.0,0.0,-0.5887346189608985,0.3933298110892556,-0.10615593054993018,-0.5887346189608986,-1.244074826112539,-1.2314518208092597,-0.4007713635936068,0.4996816552324784,-0.5887346189608985,-0.8550283878555901,-1.3228756555322954,1.3228756555322954,-0.316227766016838
KKR_11,Rishabh Kumar,Kolkata Knight Riders,-1.3416932343064343,-1.287138461356125,-1.3185956599670956,-1.3416932343064347,-1.4300151775311987,-1.4300151775311984,-1.4400262411703484,-1.4400262411703484,-1.3310114054723368,-1.3310114054723365,-0.6974279986767147,0.49641635733382783,0.8714640018527396,0.87146400185274,0.346850887088336,0.34685088708833606,0.739286912780917,0.7392869127809174,0.648672522187395,0.648672522187395,1.1815838716640163,1.481750448293978,-1.3480001967780388,-1.3838304370352676,-1.4144066926404542,-1.348000196778039,0.590008266067916,0.9527540031036947,1.0964409095725902,0.5900082660679159,0.0,0.0,-1.2091787186467662,0.6673051630241714,-0.10615593054993018,-1.2091787186467666,-1.2831563663242973,-1.660329662863448,-1.3231917375477988,-0.5535010653035999,-1.2091787186467662,-1.465899652844001,-1.3228756555322954,1.3228756555322954,-0.316227766016838
KKR_2,Hardik Dhawan,Kolkata Knight Riders,1.2775452945780439,0.6885161959966382,0.850888652371929,1.2775452945780439,1.075124585783988,1.0751245857839877,1.049466811593837,1.049466811593837,0.93113673430039,0.9311367343003898,1.0775640687148638,0.0418157078262823,-0.8743496442429807,-0.8743496442429807,-0.8643744329026788,-0.8643744329026788,-0.9061972700860873,-0.9061972700860871,-0.8858216163204213,-0.8858216163204212,-0.9107216724808479,-0.9030062332964561,1.2605224670418573,0.6815654568757177,1.0109204498451256,1.2605224670418564,-0.8833859249948562,-0.8945382658207964,-0.9100745252635992,-0.8833859249948566,0.0,0.0,0.7199331879395457,-0.6383268707485387,-0.015283149534426006,0.7199331879395455,1.4715642000845766,0.603443365276401,,,0.7199331879395456,1.148290475332467,0.7559289460184545,-0.7559289460184545,-0.316227766016838
KKR_3,Ravindra Samson,Kolkata Knight Riders,0.9148814982709624,1.5771253524930786,0.8896294436636973,0.9148814982709622,0.6640816977899215,0.6640816977899217,0.40931145516876083,0.4093114551687609,1.685186114224632,1.6851861142246318,1.3941497063972348,-0.5590945329436148,-0.8743496442429807,-0.8743496442429807,-0.8643744329026788,-0.8643744329026788,-0.9061972700860873,-0.9061972700860871,-0.8858216163204213,-0.8858216163204212,-0.9107216724808479,-0.9030062332964561,0.9489489266411473,1.4135428168782187,0.9199706820019165,0.9489489266411466,-0.8833859249948562,-0.8945382658207964,-0.9100745252635992,-0.8833859249948566,0.0,0.0,0.2715450150573216,0.3027701667212355,-0.15159232105768225,0.27154501505732165,1.2531699471010316,0.9183627891081608,,,0.2715450150573216,-0.0971226073510362,0.7559289460184545,-0.7559289460184545,-0.316227766016838
KKR_4,Suryakumar Shami,Kolkata Knight Riders,0.9238361599081741,1.4366099467813933,0.8896294436636973,0.9238361599081741,0.7807290038422917,0.7807290038422918,1.6184937950827936,1.6184937950827938,0.4284371476842283,0.42843714768422836,0.7055254013120309,-0.4269013070280611,-0.8743496442429807,-0.8743496442429807,-0.8643744329026788,-0.8643744329026788,-0.9061972700860873,-0.9061972700860871,-0.8858216163204213,-0.8858216163204212,-0.9107216724808479,-0.9030062332964561,0.9163423933433986,1.3946006712422372,0.8290209141587072,0.916342393343398,-0.8833859249948562,-0.8945382658207964,-0.9100745252635992,-0.8833859249948566,0.0,0.0,0.2246206713836005,0.2784164119257561,-0.2879014925809385,0.22462067138360053,0.9568572484206846,1.2570020005175895,,,0.22462067138360048,-0.11948122173035758,0.7559289460184545,-0.7559289460184545,-0.316227766016838
KKR_5,Jasprit Jadeja,Kolkata Knight Riders,0.5119217245964273,1.2443261376835755,0.8121478610801607,0.511921724596427,0.5807621934668001,0.5807621934668002,0.48043982810488056,0.48043982810488045,0.93113673430039,0.9311367343003898,0.21824840652136332,-0.3293655775647448,-0.8743496442429807,-0.8743496442429807,-0.8643744329026788,-0.8643744329026788,-0.9061972700860873,-0.9061972700860871,-0.8858216163204213,-0.8858216163204212,-0.9107216724808479,-0.9030062332964561,0.5250639937704142,1.174253698933839,0.7683877355965677,0.5250639937704137,-0.8833859249948562,-0.8945382658207964,-0.9100745252635992,-0.8833859249948566,0.0,0.0,-0.33847145270105267,-0.00488180764507759,-0.37877427359644267,-0.3384714527010527,0.3882136526944017,0.659470088421265,,,-0.33847145270105267,-0.41203740259292665,0.7559289460184545,-0.7559289460184545,-0.316227766016838
KKR_6,Deepak Rahul,Kolkata Knight Riders,0.2656685295731001,-0.34823762309573747,0.5409623220377826,0.2656685295731,0.2308202753096898,0.23082027530968993,0.40931145516876083,0.4093114551687609,0.4284371476842283,0.42843714768422836,0.9384776377716515,0.3599986188081757,-0.8743496442429807,-0.8743496442429807,-0.8643744329026788,-0.8643744329026788,-0.9061972700860873,-0.9061972700860871,-0.8858216163204213,-0.8858216163204212,-0.9107216724808479,-0.9030062332964561,0.20624455708131573,-0.229210612162717,0.49553843206694,0.2062445570813153,-0.8833859249948562,-0.8945382658207964,-0.9100745252635992,-0.8833859249948566,0.0,0.0,-0.7972872575107702,-1.809303880703476,-0.7877017881662114,-0.7972872575107702,0.42386919267862644,0.7700134859807839,,,-0.7972872575107701,0.8615492022690795,0.7559289460184545,-0.7559289460184545,-0.316227766016838
KKR_7,Mohammed Yadav,Kolkata Knight Riders,0.6954922881592709,0.650690551576888,0.850888652371929,0.6954922881592709,0.8529392409223305,0.8529392409223304,0.3381830822326411,0.33818308223264126,0.05141245772210721,0.05141245772210731,0.11551176663747126,0.04199492279125413,1.268239830510858,1.2682398305108582,0.6496572170860898,0.6496572170860898,1.1723090661669708,1.1723090661669713,1.6351330397995627,1.6351330397995627,1.1345063810143905,0.9610480145762373,0.6446212825288261,0.5993218207694058,0.738071146315498,0.6446212825288256,1.671900572076866,1.2695516050086095,1.0964409095725902,1.6719005720768658,0.0,0.0,2.998370764096892,1.9773492104419435,3.3470097480392282,2.9983707640968924,0.5032945814362795,-0.3034481716823029,1.419142407361022,0.32487354935474805,2.9983707640968924,0.7370601253609134,0.7559289460184545,-0.7559289460184545,3.16227766016838
KKR_8,Jasprit Pant,Kolkata Knight Riders,-1.2521466179343155,-1.279453888875312,-1.357336451258864,-1.252146617934316,-1.1967205654264583,-1.1967205654264583,-1.1555127494258701,-1.1555127494258701,-1.3310114054723368,-1.3310114054723365,-1.2748574264578667,-0.43473486175978854,1.506305327705729,1.5063053277057294,0.6496572170860898,0.6496572170860898,1.3509307044387182,1.3509307044387184,1.3063128672621735,1.3063128672621733,1.0821874377010972,1.2880392412392623,-1.2610494413173756,-1.3501816634853683,-1.3840901033593842,-1.2610494413173758,1.3056568731555482,1.139665421603886,1.0964409095725902,1.3056568731555482,0.0,0.0,-0.1976984216798894,0.3382414857063056,-0.015283149534426006,-0.1976984216798894,-1.2811923471001838,-1.1900862882037246,0.6905182288908371,-0.42997963511726983,-0.19769842167988938,-0.5057369735757208,-1.3228756555322954,1.3228756555322954,-0.316227766016838
KKR_9,Suryakumar Jadeja,Kolkata Knight Riders,-1.032757407822624,-1.5083458722361291,-1.241114077383559,-1.0327574078226245,-1.0356361904017568,-1.0356361904017568,-0.7287425118091524,-0.7287425118091525,-0.7026369222021348,-0.7026369222021348,-0.61969473380071,-0.7924789278736392,1.1095294990476108,1.109529499047611,0.9524635470838434,0.9524635470838435,1.1939601738362737,1.193960173836274,0.7582792463665247,0.7582792463665248,1.1861798218171007,1.2768103014981356,-1.0255578119447462,-1.3655174161539438,-1.171873978391896,-1.0255578119447464,0.703670103664187,0.4758373583951176,1.0964409095725902,0.7036701036641869,0.0,0.0,-0.604376066852139,-0.601756177210043,0.48451714605084695,-0.604376066852139,-1.0516227090412595,0.4809689244464858,-1.0448772649721239,-0.7017267815271961,-0.6043760668521388,-0.23230735282515827,-1.3228756555322954,1.3228756555322954,-0.316227766016838
LSG_1,Shreyas Dhoni,Lucknow Super Giants,0.40894311576849063,1.0545642750934447,0.8896294436636973,0.4089431157684903,0.1863832063373585,0.18638320633735847,0.6226965739771195,0.6226965739771196,0.1770873543761478,0.17708735437614767,0.8151111505215158,0.17374527073121185,-0.8743496442429807,-0.8743496442429807,-0.8643744329026788,-0.8643744329026788,-0.9061972700860873,-0.9061972700860871,-0.8858216163204213,-0.8858216163204212,-0.9107216724808479,-0.9030062332964561,0.4055067050120023,0.9954011313439839,0.8290209141587072,0.40550670501200176,-0.8833859249948562,-0.8945382658207964,-0.9100745252635992,-0.8833859249948566,0.0,0.0,-0.5105273795046967,-0.2348310256128302,-0.2879014925809385,-0.5105273795046967,0.5174724264434182,0.9305866833733765,,,-0.5105273795046966,-0.413085029359609,0.7559289460184545,-0.7559289460184545,-0.316227766016838
LSG_10,Hardik Yadav,Lucknow Super Giants,-1.4178078582227354,-0.9903305206695612,-1.241114077383559,-1.4178078582227358,-1.4355698111527402,-1.43556981115274,-1.2266411223619895,-1.2266411223619897,-0.9539867155102155,-0.9539867155102155,-1.7740172133314909,0.7602484047662267,0.39533300746299777,0.39533300746299793,1.255269877081597,1.255269877081597,1.2426751660922049,1.2426751660922049,1.6351330397995627,1.6351330397995627,1.0800958477877085,0.8363582776223496,-1.376983781931593,-1.0202819181810006,-1.2021905676729658,-1.3769837819315935,1.6887393628318688,1.224986601900672,1.0964409095725902,1.688739362831869,0.0,0.0,0.10991672018117099,1.4567798056252543,0.2573351935120865,0.10991672018117116,-1.4254483379372709,-0.08276707108669516,1.6042041654626125,2.712096745247504,0.10991672018117098,-0.8391539895051492,-1.3228756555322954,1.3228756555322954,-0.316227766016838
LSG_11,Kuldeep Sharma,Lucknow Super Giants,-1.4357171814971592,-1.3190572561186251,-1.396077242550632,-1.4357171814971597,-1.4800068801250714,-1.4800068801250714,-1.3688978682342288,-1.3688978682342288,-1.5823611987804176,-1.5823611987804171,-1.4407626589771956,-0.46171214167932256,1.1095294990476108,1.109529499047611,2.163688867074858,2.163688867074858,1.08570463548976,1.0857046354897604,0.7582792463665247,0.7582792463665248,1.0378363771390096,1.136493810954339,-1.434950952238702,-1.380720621645498,-1.4144066926404542,-1.4349509522387023,0.7373476851741934,0.7466124773189707,1.0964409095725902,0.7373476851741932,0.0,0.0,-1.1518267430455518,-0.27240023005123265,-0.8331381786739636,-1.1518267430455518,-1.4089502336690192,-1.8369728087370933,-0.7169728215282333,-0.7017267815271961,-1.1518267430455515,-0.9864276407906205,-1.3228756555322954,1.3228756555322954,-0.316227766016838
LSG_2,Shreyas Kohli,Lucknow Super Giants,0.2477592062986766,0.45228830514261326,0.5022215307460144,0.24775920629867623,0.130836870121944,0.13083687012194414,0.3381830822326411,0.33818308223264126,1.559511217570592,1.5595112175705916,0.6939726867869352,-0.12668931517616036,-0.8743496442429807,-0.8743496442429807,-0.8643744329026788,-0.8643744329026788,-0.9061972700860873,-0.9061972700860871,-0.8858216163204213,-0.8858216163204212,-0.9107216724808479,-0.9030062332964561,0.31131005326295064,0.6117737052743518,0.5561716106290795,0.31131005326294997,-0.8833859249948562,-0.8945382658207964,-0.9100745252635992,-0.8833859249948566,0.0,0.0,-0.646086594562113,-0.7280575294558617,-0.6968290071507073,-0.6460865945621133,0.3236063183664867,1.658875992467333,,,-0.646086594562113,-0.17204165482960676,0.7559289460184545,-0.7559289460184545,-0.316227766016838
LSG_3,Deepak Kumar,Lucknow Super Giants,0.9507001448198098,0.6808899080905583,0.850888652371929,0.9507001448198098,1.2362089608086895,1.2362089608086893,0.48043982810488056,0.48043982810488045,0.1770873543761478,0.17708735437614767,0.11010674662751548,-0.5472042168196833,-0.8743496442429807,-0.8743496442429807,-0.8643744329026788,-0.8643744329026788,-0.9061972700860873,-0.9061972700860871,-0.8858216163204213,-0.8858216163204212,-0.9107216724808479,-0.9030062332964561,0.8946047044782328,0.7497805727557475,0.616804789191219,0.8946047044782321,-0.8833859249948562,-0.8945382658207964,-0.9100745252635992,-0.8833859249948566,0.0,0.0,0.19333777560111975,-0.5506232791167782,-0.6059562261352031,0.19333777560111978,0.7151520539798564,-0.43723359478298546,,,0.19333777560111975,0.5239364284590728,0.7559289460184545,-0.7559289460184545,-0.316227766016838
LSG_4,Shreyas Sharma,Lucknow Super Giants,0.4850577396847916,0.871581437807146,0.8896294436636973,0.4850577396847914,0.3308036804974356,0.33080368049743575,0.3381830822326411,0.33818308223264126,-0.32561223224001373,-0.32561223224001373,0.5304605165620899,-0.20614593547013482,-0.8743496442429807,-0.8743496442429807,-0.8643744329026788,-0.8643744329026788,-0.9061972700860873,-0.9061972700860871,-0.8858216163204213,-0.8858216163204212,-0.9107216724808479,-0.9030062332964561,0.4526050308865283,0.722891810064046,0.859337503439777,0.45260503088652765,-0.8833859249948562,-0.8945382658207964,-0.9100745252635992,-0.8833859249948566,0.0,0.0,-0.4427477719759883,-0.5851939315619599,-0.24246510207318642,-0.4427477719759885,0.4826033796785593,0.03300481955591199,,,-0.44274777197598825,-0.08269055107445428,0.7559289460184545,-0.7559289460184545,-0.316227766016838
LSG_5,Jasprit Pandya,Lucknow Super Giants,0.9641321372756276,0.38216465957137447,0.7734070697883925,0.9641321372756276,0.797392904706916,0.797392904706916,1.1205951845299569,1.1205951845299567,1.685186114224632,1.6851861142246318,0.850635747686187,-0.4123010763525839,-0.8743496442429807,-0.8743496442429807,-0.8643744329026788,-0.8643744329026788,-0.9061972700860873,-0.9061972700860871,-0.8858216163204213,-0.8858216163204212,-0.9107216724808479,-0.9030062332964561,1.0829980079763362,0.45417686801967444,0.7683877355965677,1.0829980079763357,-0.8833859249948562,-0.8945382658207964,-0.9100745252635992,-0.8833859249948566,0.0,0.0,0.4644562057159525,-0.9306784365485022,-0.37877427359644267,0.4644562057159528,1.0596691914475802,1.4445302783155656,,,0.4644562057159524,1.2294420088317357,0.7559289460184545,-0.7559289460184545,-0.316227766016838
LSG_6,Shikhar Chahar,Lucknow Super Giants,1.11636138510823,0.3882366631340832,0.6571846959130875,1.11636138510823,1.1417801892424853,1.1417801892424848,0.5515682010409999,0.551568201041,1.0568116309544302,1.0568116309544302,0.3870005579772332,-0.612036497240963,-0.8743496442429807,-0.8743496442429807,-0.8643744329026788,-0.8643744329026788,-0.9061972700860873,-0.9061972700860871,-0.8858216163204213,-0.8858216163204212,-0.9107216724808479,-0.9030062332964561,1.1409651782834453,0.49586208454227587,0.6774379677533585,1.1409651782834445,-0.8833859249948562,-0.8945382658207964,-0.9100745252635992,-0.8833859249948566,0.0,0.0,0.5478772611359017,-0.8770841098393097,-0.515083445119699,0.5478772611359015,0.985231505993622,0.14774116712706833,,,0.5478772611359016,1.2533220229664261,0.7559289460184545,-0.7559289460184545,-0.316227766016838
LSG_7,Bhuvneshwar Rahul,Lucknow Super Giants,0.9327908215453863,0.34109237318595703,0.7346662784966241,0.9327908215453861,0.9140402107592861,0.9140402107592862,0.907210065721598,0.907210065721598,1.4338363209165514,1.4338363209165512,0.5644172453269266,-0.768293401792258,1.268239830510858,1.2682398305108582,0.6496572170860898,0.6496572170860898,1.1723090661669708,1.1723090661669713,1.6351330397995627,1.6351330397995627,1.2167627724597987,0.8745591503174299,1.0032931488040617,0.4360553099553824,0.7683877355965677,1.003293148804061,1.6382229905668595,1.256443419885798,1.0964409095725902,1.6382229905668597,0.0,0.0,3.47282801679785,2.133662625731278,3.39244613854698,3.4728280167978505,0.9023755750979329,0.9332093931329815,1.1573431467881887,0.32487354935474805,3.472828016797849,0.9263474353711925,0.7559289460184545,-0.7559289460184545,3.16227766016838
LSG_8,Shreyas Yadav,Lucknow Super Giants,-1.4222851890413413,-1.322325389347865,-1.396077242550632,-1.4222851890413417,-1.2078298326695411,-1.2078298326695411,-1.4400262411703484,-1.4400262411703484,-1.2053365088182963,-1.2053365088182961,-2.5466049971973046,-0.34296940516230257,0.6333985046578687,0.633398504657869,1.255269877081597,1.255269877081597,1.0099257586472006,1.009925758647201,1.3063128672621735,1.3063128672621733,1.075683019467295,0.5501552546131844,-1.4059673670851474,-1.3249744785685564,-1.3840901033593842,-1.4059673670851478,1.3140762685330498,1.0721521754638053,1.0964409095725902,1.3140762685330498,0.0,0.0,-0.39582342830226724,0.3760513057502348,-0.4242106641041948,-0.3958234283022674,-1.4904813835370494,-1.783224483101198,0.7103044241376275,1.143293317782304,-0.3958234283022672,-0.6891237672975723,-1.3228756555322954,1.3228756555322954,-0.316227766016838
LSG_9,Mohammed Yadav,Lucknow Super Giants,-1.4401945123157653,-1.1842594304453014,-1.3185956599670956,-1.4401945123157656,-1.3911327421804083,-1.3911327421804085,-1.511154614106468,-1.511154614106468,-1.4566863021263772,-1.456686302126377,-1.999171367486671,-0.1383983633802276,1.1095294990476108,1.109529499047611,1.255269877081597,1.255269877081597,1.036989643233829,1.0369896432338295,1.5255263156204328,1.5255263156204328,1.2401402081880557,1.6037598464076734,-1.4385739003828961,-1.2565683158730199,-1.3537735140783145,-1.4385739003828966,1.5413999437255919,0.9688792373956854,1.0964409095725902,1.5413999437255919,0.0,0.0,-0.16120170993366173,0.10313106749009544,-0.15159232105768225,-0.1612017099336619,-1.4553184266013388,-2.2254892820459666,0.806652387732336,0.4396112333944947,-0.1612017099336617,-0.3285722476555992,-1.3228756555322954,1.3228756555322954,-0.316227766016838
MI_1,Rohit Kohli,Mumbai Indians,0.7581749196197544,1.355382018701845,0.8121478610801607,0.7581749196197541,0.7085187667622533,0.7085187667622531,1.5473654221466744,1.5473654221466742,-0.07426243893193304,-0.07426243893193303,0.8368550096455363,-0.5234246555062759,-0.8743496442429807,-0.8743496442429807,-0.8643744329026788,-0.8643744329026788,-0.9061972700860873,-0.9061972700860871,-0.8858216163204213,-0.8858216163204212,-0.9107216724808479,-0.9030062332964561,0.7496867787104606,1.2445918106997846,0.7077545570344282,0.7496867787104602,-0.8833859249948562,-0.8945382658207964,-0.9100745252635992,-0.8833859249948566,0.0,0.0,-0.015214862948751936,0.08555130165754204,-0.46964705461194683,-0.01521486294875179,0.8575681711465791,1.0020085923805158,,,-0.015214862948751934,-0.19086514685362907,0.7559289460184545,-0.7559289460184545,-0.316227766016838
MI_10,Shreyas Pant,Mumbai Indians,-1.2521466179343155,-1.4130061172969148,-1.357336451258864,-1.252146617934316,-1.3355864059649944,-1.335586405964994,-1.0843843764897505,-1.0843843764897505,-0.9539867155102155,-0.9539867155102155,-0.5560310248284825,-0.8130345462059122,1.1888846647792342,1.1888846647792346,0.6496572170860898,0.6496572170860898,1.2264368353402277,1.226436835340228,1.0870994189039138,1.087099418903914,1.1109860560935279,1.1746045270179144,-1.2356888043080154,-1.335212596236434,-1.3234569247972447,-1.2356888043080159,1.1120107794730123,1.1749217704131496,1.0964409095725902,1.1120107794730123,0.0,0.0,-0.40103724426601417,-0.04736648572026387,-0.24246510207318642,-0.4010372442660142,-1.2040538531290055,0.045479877921606536,0.008794294202905716,-0.3254615018826827,-0.4010372442660141,-0.43957988886950133,-1.3228756555322954,1.3228756555322954,-0.316227766016838
MI_11,Ishan Kishan,Mumbai Indians,-1.301397256938981,-1.3637974278347917,-1.357336451258864,-1.3013972569389813,-1.4077966430450326,-1.4077966430450328,-1.2266411223619895,-1.2266411223619897,-1.2053365088182963,-1.2053365088182961,-0.38967193566709685,0.14742115224570765,1.5856604934373528,1.585660493437353,1.8608825370771045,1.8608825370771047,0.9774490971432467,0.977449097143247,0.8678859705456543,0.8678859705456545,1.3070299057058583,1.0588415824989765,-1.2972789227593184,-1.35923937377686,-1.4144066926404542,-1.2972789227593189,0.7415573828629438,0.7645548291300518,1.0480911400584652,0.7415573828629439,0.0,0.0,-0.948487920459427,0.04250106531645147,0.030153240973326077,-0.9484879204594271,-1.2237062713933813,-0.6899393939731638,-1.00808672552906,-1.0436022237848455,-0.9484879204594269,-0.9745449285708098,-1.3228756555322954,1.3228756555322954,-0.316227766016838
MI_2,Yuzvendra Dhoni,Mumbai Indians,0.704446949796483,0.8156093303608118,0.850888652371929,0.7044469497964828,0.741846568491502,0.7418465684915018,1.049466811593837,1.049466811593837,0.05141245772210721,0.05141245772210731,0.7316427880776951,0.013860975528053156,-0.8743496442429807,-0.8743496442429807,-0.8643744329026788,-0.8643744329026788,-0.9061972700860873,-0.9061972700860871,-0.8858216163204213,-0.8858216163204212,-0.9107216724808479,-0.9030062332964561,0.6880966602591577,0.797926668471921,0.9199706820019165,0.6880966602591571,-0.8833859249948562,-0.8945382658207964,-0.9100745252635992,-0.8833859249948566,0.0,0.0,-0.1038497343324472,-0.4887222552325529,-0.15159232105768225,-0.10384973433244721,0.7633415244584065,0.5236089725630343,,,-0.10384973433244718,0.17242467437334735,0.7559289460184545,-0.7559289460184545,-0.316227766016838
MI_3,Bhuvneshwar Shami,Mumbai Indians,0.4805804088661855,0.5628470811114861,0.3472583655789412,0.4805804088661854,0.5141065900083029,0.514106590008303,1.1205951845299569,1.1205951845299567,0.1770873543761478,0.17708735437614767,0.19679336526047003,-0.14697716807526565,-0.8743496442429807,-0.8743496442429807,-0.8643744329026788,-0.8643744329026788,-0.9061972700860873,-0.9061972700860871,-0.8858216163204213,-0.8858216163204212,-0.9107216724808479,-0.9030062332964561,0.5178180974820257,0.6692658612727649,0.4349052535048005,0.517818097482025,-0.8833859249948562,-0.8945382658207964,-0.9100745252635992,-0.8833859249948566,0.0,0.0,-0.34889908462854613,-0.6541403557229586,-0.8785745691817156,-0.3488990846285463,0.3533499476733416,0.9860054662560988,,,-0.3488990846285461,0.07164876774133215,0.7559289460184545,-0.7559289460184545,-0.316227766016838
MI_4,Deepak Chahal,Mumbai Indians,0.8298122127174493,0.11511073576252528,0.6571846959130875,0.8298122127174493,1.014023615947032,1.014023615947032,0.7649533198493587,0.7649533198493588,1.1824865276084706,1.1824865276084704,0.08345298383032868,-0.9824870574601123,-0.8743496442429807,-0.8743496442429807,-0.8643744329026788,-0.8643744329026788,-0.9061972700860873,-0.9061972700860871,-0.8858216163204213,-0.8858216163204212,-0.9107216724808479,-0.9030062332964561,0.8402604823153182,0.37755809961770775,0.7077545570344282,0.8402604823153177,-0.8833859249948562,-0.8945382658207964,-0.9100745252635992,-0.8833859249948566,0.0,0.0,0.11513053614491793,-1.0291865324237999,-0.46964705461194683,0.11513053614491794,0.6023116582587525,0.5427509281782485,,,0.11513053614491792,0.96203926787863,0.7559289460184545,-0.7559289460184545,-0.316227766016838
MI_5,Deepak Dhawan,Mumbai Indians,0.780561573712784,0.834251766631515,0.8121478610801607,0.7805615737127839,1.080679219405529,1.0806792194055292,0.2670547092965218,0.2670547092965217,-0.19993733558597349,-0.19993733558597337,0.3980994158602726,0.15464743077330803,-0.8743496442429807,-0.8743496442429807,-0.8643744329026788,-0.8643744329026788,-0.9061972700860873,-0.9061972700860871,-0.8858216163204213,-0.8858216163204212,-0.9107216724808479,-0.9030062332964561,0.6953425565475462,0.889841180924061,0.7077545570344282,0.6953425565475457,-0.8833859249948562,-0.8945382658207964,-0.9100745252635992,-0.8833859249948566,0.0,0.0,-0.09342210240495377,-0.3705485519244451,-0.46964705461194683,-0.09342210240495363,0.6938685471008799,-0.6958162730240982,,,-0.09342210240495376,0.08220037033949332,0.7559289460184545,-0.7559289460184545,-0.316227766016838
MI_6,MS Rahul,Mumbai Indians,1.2282946555733787,0.8557949148908666,0.8896294436636973,1.2282946555733785,1.052906051297822,1.0529060512978219,0.40931145516876083,0.4093114551687609,2.062210804186753,2.0622108041867526,0.8542253411279128,-0.2886592803568512,-0.8743496442429807,-0.8743496442429807,-0.8643744329026788,-0.8643744329026788,-0.9061972700860873,-0.9061972700860871,-0.8858216163204213,-0.8858216163204212,-0.9107216724808479,-0.9030062332964561,1.2532765707534685,0.9120014922960707,0.9199706820019165,1.2532765707534679,-0.8833859249948562,-0.8945382658207964,-0.9100745252635992,-0.8833859249948566,0.0,0.0,0.7095055560120519,-0.34205722893935314,-0.15159232105768225,0.7095055560120519,1.31325645224639,0.6290409582489396,,,0.7095055560120518,0.8214966028270505,0.7559289460184545,-0.7559289460184545,-0.316227766016838
MI_7,Bhuvneshwar Dhoni,Mumbai Indians,0.6596736416104235,1.1956342405154747,0.7346662784966241,0.6596736416104233,0.1363915037434856,0.13639150374348558,0.5515682010409999,0.551568201041,0.4284371476842283,0.42843714768422836,1.8790748985881507,0.11184801318705628,1.7443708249006,1.7443708249006005,1.5580762070793506,1.558076207079351,0.9449724356392926,0.9449724356392929,1.4159195914413032,1.4159195914413032,1.0231990411641225,1.0751730740843153,0.6772278158265748,1.0007600129550156,0.7683877355965677,0.6772278158265742,1.4950932691493333,1.2223904885474588,1.1447906790867153,1.4950932691493333,0.0,0.0,2.8263148372932476,-0.2963853322299704,2.8926458429617075,2.8263148372932485,1.1838273140052984,1.107079622490326,1.186172404497644,-0.5535010653035999,2.8263148372932485,2.766169225124549,0.7559289460184545,-0.7559289460184545,3.16227766016838
MI_8,Ravindra Kumar,Mumbai Indians,-1.2611012795715273,-1.7808639355316631,-1.512299616425937,-1.2611012795715277,-1.2522669016418728,-1.2522669016418726,-1.2266411223619895,-1.2266411223619897,-0.9539867155102155,-0.9539867155102155,-0.5615598239226357,-0.18303645808286723,0.9508191675843635,0.9508191675843636,1.8608825370771045,1.8608825370771047,1.0802918585724341,1.0802918585724348,1.1967061430830435,1.1967061430830437,1.098456339173952,1.0141536866903833,-1.2501805968847928,-1.6577895928124258,-1.5053564604836633,-1.250180596884793,1.2256726170692833,1.4721856953252586,1.1447906790867153,1.2256726170692833,0.0,0.0,-0.28111947709983814,1.3440474524628294,-0.06071954004217809,-0.28111947709983803,-1.211228186402411,-0.6510615787131361,0.3419077978509077,0.21985049760211947,-0.28111947709983814,-1.056742020213988,-1.3228756555322954,1.3228756555322954,-0.316227766016838
MI_9,Ishan Pandya,Mumbai Indians,-1.4625811664087949,-1.191664642105257,-1.4348180338424004,-1.4625811664087953,-1.346695673208077,-1.346695673208077,-1.2977694952981091,-1.2977694952981091,-1.4566863021263772,-1.456686302126377,-2.4023198447177987,-0.053611875415036925,1.6650156591689762,1.6650156591689766,0.9524635470838434,0.9524635470838435,1.1398324046630168,1.139832404663017,0.9774926947247843,0.9774926947247843,1.2324945894359667,1.277086874921222,-1.445819796671285,-1.2586219998012307,-1.4447232819215239,-1.4458197966712851,0.9730907557442368,1.487075841090615,1.0964409095725902,0.9730907557442368,0.0,0.0,-0.8754944969669721,1.2926679473819023,0.030153240973326077,-0.875494496966972,-1.4969386948259524,-1.5659861644991149,-0.5760756590497824,-0.9819660262624327,-0.875494496966972,-1.444929341024396,-1.3228756555322954,1.3228756555322954,-0.316227766016838
PK_1,Yuzvendra Rahul,Punjab Kings,1.192476009024531,0.5204462568612275,0.850888652371929,1.192476009024531,1.0306875168116563,1.0306875168116563,1.9741356597633914,1.974135659763392,1.0568116309544302,1.0568116309544302,0.9040257926700255,-0.3508815924538395,-0.8743496442429807,-0.8743496442429807,-0.8643744329026788,-0.8643744329026788,-0.9061972700860873,-0.9061972700860871,-0.8858216163204213,-0.8858216163204212,-0.9107216724808479,-0.9030062332964561,1.2750142596186342,0.5021336037177123,0.8896540927208467,1.2750142596186336,-0.8833859249948562,-0.8945382658207964,-0.9100745252635992,-0.8833859249948566,0.0,0.0,0.7407884517945326,-0.8690208712216317,-0.19702871156543433,0.7407884517945327,1.303260221407826,1.5737590972548754,,,0.7407884517945325,1.4521561273992576,0.7559289460184545,-0.7559289460184545,-0.316227766016838
PK_10,MS Kohli,Punjab Kings,-1.2431919562971034,-0.9234466510797922,-1.241114077383559,-1.2431919562971039,-1.3244771387219112,-1.3244771387219112,-1.2977694952981091,-1.2977694952981091,-1.0796616121642562,-1.079661612164256,0.18433293745125912,1.8043167207197965,0.47468817319462153,0.4746881731946216,0.346850887088336,0.34685088708833606,1.0261640893991777,1.026164089399178,0.7582792463665247,0.7582792463665248,1.1002562089667596,0.863221604759576,-1.2465576487405983,-1.0382551745823347,-1.293140335516175,-1.2465576487405987,0.7457670805516947,0.7773591882227852,1.0964409095725902,0.7457670805516947,0.0,0.0,-0.8702806810032252,0.5727326710605671,0.21189880300433442,-0.8702806810032252,-1.1169902849171427,-0.9142344820117835,-0.8608434934461927,0.44920230915013903,-0.8702806810032251,-1.1646361383560762,-1.3228756555322954,1.3228756555322954,-0.316227766016838
PK_11,Shreyas Ashwin,Punjab Kings,-1.1446906782877728,-1.1114931050921906,-1.241114077383559,-1.144690678287773,-1.113401061103337,-1.1134010611033367,-1.3688978682342288,-1.3688978682342288,-0.8283118188561753,-0.8283118188561751,-0.8487272992607438,-0.11710739807841992,0.23662267599975056,0.23662267599975062,0.346850887088336,0.34685088708833606,1.058640750903132,1.0586407509031321,0.10063890129174628,0.10063890129174637,1.0401882084474623,1.2789025067340427,-1.155983945135741,-1.1393605556426143,-1.2325071569540356,-1.1559839451357412,0.08063484572907179,0.9630645516570531,1.0964409095725902,0.08063484572907174,0.0,0.0,-1.5637182041815483,0.4293301504020159,-0.46964705461194683,-1.5637182041815483,-1.161262828917187,-1.1489605557872071,-2.5743562643011946,-0.5270321874065289,-1.563718204181548,-1.6584678925251497,-1.3228756555322954,1.3228756555322954,-0.316227766016838
PK_2,Shardul Pandya,Punjab Kings,0.8432442051732671,0.6049028232617356,0.6184439046213193,0.8432442051732671,0.5696529262237174,0.5696529262237173,0.2670547092965218,0.2670547092965217,1.0568116309544302,1.0568116309544302,1.1846742362404004,-0.46247475513065567,-0.8743496442429807,-0.8743496442429807,-0.8643744329026788,-0.8643744329026788,-0.9061972700860873,-0.9061972700860871,-0.8858216163204213,-0.8858216163204212,-0.9107216724808479,-0.9030062332964561,0.8185227934501524,0.7524135376304135,0.7683877355965677,0.8185227934501519,-0.8833859249948562,-0.8945382658207964,-0.9100745252635992,-0.8833859249948566,0.0,0.0,0.08384764036243719,-0.5472380986744464,-0.37877427359644267,0.0838476403624372,1.088505895493053,0.5220574390056133,,,0.08384764036243719,0.41142603735051325,0.7559289460184545,-0.7559289460184545,-0.316227766016838
PK_3,Deepak Iyer,Punjab Kings,0.4313297698615202,0.5097633914459617,0.5409623220377826,0.43132976986152005,0.5029973227652201,0.5029973227652201,0.6938249469132393,0.6938249469132393,0.4284371476842283,0.42843714768422836,0.5102432661431715,-0.11307776984667033,-0.8743496442429807,-0.8743496442429807,-0.8643744329026788,-0.8643744329026788,-0.9061972700860873,-0.9061972700860871,-0.8858216163204213,-0.8858216163204212,-0.9107216724808479,-0.9030062332964561,0.4127526013003908,0.6191215054702678,0.4349052535048005,0.4127526013003904,-0.8833859249948562,-0.8945382658207964,-0.9100745252635992,-0.8833859249948566,0.0,0.0,-0.5000997475772033,-0.7186105255262966,-0.8785745691817156,-0.5000997475772032,0.4266122495331673,0.6903011156599387,,,-0.5000997475772032,-0.027925323695296062,0.7559289460184545,-0.7559289460184545,-0.316227766016838
PK_4,Shreyas Dhawan,Punjab Kings,0.5432630403266691,0.961687020174088,0.7346662784966241,0.5432630403266687,0.48633342190059586,0.48633342190059586,0.7649533198493587,0.7649533198493588,0.6797869409923092,0.6797869409923091,0.8175454725107332,0.1340664283445731,-0.8743496442429807,-0.8743496442429807,-0.8643744329026788,-0.8643744329026788,-0.9061972700860873,-0.9061972700860871,-0.8858216163204213,-0.8858216163204212,-0.9107216724808479,-0.9030062332964561,0.5794082159333287,1.1292043938249294,0.7987043248776374,0.5794082159333281,-0.8833859249948562,-0.8945382658207964,-0.9100745252635992,-0.8833859249948566,0.0,0.0,-0.2602642132448509,-0.06280131430566879,-0.3333378830886906,-0.2602642132448509,0.6457183827157401,0.9498404585497708,,,-0.26026421324485083,-0.30388989787296344,0.7559289460184545,-0.7559289460184545,-0.316227766016838
PK_5,Mohammed Thakur,Punjab Kings,0.798470896987208,0.41122024592624273,0.5409623220377826,0.7984708969872076,0.7640651029776674,0.7640651029776675,0.48043982810488056,0.48043982810488045,1.3081614242625113,1.3081614242625108,0.4783907818096919,-0.2321353390795492,-0.8743496442429807,-0.8743496442429807,-0.8643744329026788,-0.8643744329026788,-0.9061972700860873,-0.9061972700860871,-0.8858216163204213,-0.8858216163204212,-0.9107216724808479,-0.9030062332964561,0.8656211193246784,0.39494687543554774,0.5258550213480098,0.8656211193246778,-0.8833859249948562,-0.8945382658207964,-0.9100745252635992,-0.8833859249948566,0.0,0.0,0.1516272478911456,-1.0068299319309384,-0.7422653976584593,0.15162724789114548,0.7437639191726935,0.6389685335113338,,,0.1516272478911456,0.9759135892943199,0.7559289460184545,-0.7559289460184545,-0.316227766016838
PK_6,Jasprit Jadeja,Punjab Kings,1.2506813096664082,-0.20715872202364954,0.7346662784966241,1.2506813096664082,1.602814779830424,1.6028147798304238,1.405108676274435,1.4051086762744351,1.0568116309544302,1.0568116309544302,-0.04160515090383811,-0.7393626389252812,-0.8743496442429807,-0.8743496442429807,-0.8643744329026788,-0.8643744329026788,-0.9061972700860873,-0.9061972700860871,-0.8858216163204213,-0.8858216163204212,-0.9107216724808479,-0.9030062332964561,1.32211258549316,-0.25977650041664024,0.7683877355965677,1.3221125854931595,-0.8833859249948562,-0.8945382658207964,-0.9100745252635992,-0.8833859249948566,0.0,0.0,0.8085680593232405,-1.8486021820652845,-0.37877427359644267,0.8085680593232409,0.8917774982695078,0.41746389270793366,,,0.8085680593232405,3.272613969498668,0.7559289460184545,-0.7559289460184545,-0.316227766016838
PK_7,Yuzvendra Dhoni,Punjab Kings,0.359692476763825,0.7638435462706067,0.6571846959130875,0.3596924767638249,0.5863168270883417,0.5863168270883417,0.6938249469132393,0.6938249469132393,0.5541120443382689,0.5541120443382688,-0.39652104499268903,-0.6568049949673463,0.39533300746299777,0.39533300746299793,0.6496572170860898,0.6496572170860898,1.0099257586472006,1.009925758647201,1.5255263156204328,1.5255263156204328,1.0821984606497919,0.8329695749002236,0.33304774212811644,0.843386836584827,0.738071146315498,0.3330477421281158,1.5834969206130995,1.2815657667185836,1.0964409095725902,1.5834969206130995,0.0,0.0,2.440492455975986,1.3695677738997776,3.256136967023724,2.440492455975986,0.03878282506834914,0.6519136216097712,1.2947382894777175,2.457333795488198,2.4404924559759857,0.781332037027487,0.7559289460184545,-0.7559289460184545,3.16227766016838
PK_8,Suryakumar Kohli,Punjab Kings,-1.2476692871157096,-1.206780599980945,-1.241114077383559,-1.2476692871157098,-1.113401061103337,-1.1134010611033367,-1.0132560035536307,-1.0132560035536309,-1.2053365088182963,-1.2053365088182961,-1.8180413076110542,-0.622524038937245,0.39533300746299777,0.39533300746299793,1.255269877081597,1.255269877081597,1.12359407391104,1.1235940739110402,1.7447397639786923,1.7447397639786923,1.0890641583260912,0.8385917448275367,-1.242934700596404,-1.2117109996461535,-1.2021905676729658,-1.2429347005964044,1.7939818050506384,1.033525548133237,1.0964409095725902,1.7939818050506384,0.0,0.0,0.43317330993347175,-0.3179979420945953,-0.24246510207318642,0.4331733099334721,-1.3370617311917157,-0.7729538594076182,1.8740973756506383,2.96685969500681,0.4331733099334717,0.5367054769681048,-1.3228756555322954,1.3228756555322954,-0.316227766016838
PK_9,Shikhar Dhawan,Punjab Kings,-1.1402133474691667,-1.2554570150169817,-1.241114077383559,-1.1402133474691671,-1.1633927636972097,-1.1633927636972097,-0.9421276306175114,-0.9421276306175113,-1.4566863021263772,-1.456686302126377,-0.1744201082477131,0.39312843884420146,1.030174333315987,1.0301743333159872,1.8608825370771045,1.8608825370771047,0.9666235433085952,0.9666235433085957,1.3063128672621735,1.3063128672621733,1.0319295317455006,0.8814589553646791,-1.1668527895683238,-1.3264392076039606,-1.2628237462351053,-1.166852789568324,1.288818082400545,0.705048915456762,1.0964409095725902,1.288818082400545,0.0,0.0,-0.08299447047745989,-0.13061400114078808,0.34820797452759067,-0.08299447047746006,-1.0741389304224163,-0.8584099267666156,0.8468441951498457,0.2493882309075464,-0.08299447047746034,-0.0961475083398626,-1.3228756555322954,1.3228756555322954,-0.316227766016838
RCB_1,Shikhar Ashwin,Royal Challengers Bangalore,0.7716069120755722,0.9054437025247094,0.8121478610801607,0.771606912075572,1.0029143487039491,1.0029143487039491,0.8360816927854783,0.8360816927854784,0.5541120443382689,0.5541120443382688,0.10400031180710738,-0.22449143287442075,-0.8743496442429807,-0.8743496442429807,-0.8643744329026788,-0.8643744329026788,-0.9061972700860873,-0.9061972700860871,-0.8858216163204213,-0.8858216163204212,-0.9107216724808479,-0.9030062332964561,0.7605556231430436,0.8974435359912833,0.7987043248776374,0.760555623143043,-0.8833859249948562,-0.8945382658207964,-0.9100745252635992,-0.8833859249948566,0.0,0.0,0.0004265849424884302,-0.3607742689718523,-0.3333378830886906,0.0004265849424885784,0.5623645841586866,0.2907997790744332,,,0.00042658494248843016,0.16367486387266317,0.7559289460184545,-0.7559289460184545,-0.316227766016838
RCB_10,Shikhar Yadav,Royal Challengers Bangalore,-1.350647895943646,-1.1799954746013852,-1.241114077383559,-1.3506478959436465,-1.1522834964541269,-1.1522834964541269,-1.3688978682342288,-1.3688978682342288,-1.3310114054723368,-1.3310114054723365,-2.2707426782158984,-0.5067332799391466,1.506305327705729,1.5063053277057294,1.255269877081597,1.255269877081597,1.3617562582733693,1.3617562582733698,0.7582792463665247,0.7582792463665248,1.104434478557422,1.1283798888541698,-1.351623144922233,-1.2579369892551489,-1.3234569247972447,-1.3516231449222333,0.7457670805516947,1.52747070066816,1.1447906790867153,0.7457670805516947,0.0,0.0,-1.021481343951882,2.5910944683982553,0.16646241249658233,-1.0214813439518822,-1.4344206678948939,-1.8549131282398854,-0.8701556609577815,-1.1093475011420857,-1.0214813439518817,-1.8863056534734408,-1.3228756555322954,1.3228756555322954,-0.316227766016838
RCB_11,Hardik Iyer,Royal Challengers Bangalore,-1.5789917676925496,-1.213675915399385,-1.3185956599670956,-1.57899176769255,-1.51333468185432,-1.5133346818543199,-1.653411359978707,-1.6534113599787073,-1.3310114054723368,-1.3310114054723365,-2.8827477301828734,-0.4137805932272077,1.3475949962424818,1.347594996242482,0.9524635470838434,0.9524635470838435,1.231849612257553,1.2318496122575535,0.8678859705456543,0.8678859705456545,1.0035432817638816,1.3540121224464643,-1.5508852928529195,-1.2909289607099952,-1.3537735140783145,-1.5508852928529198,0.8425901273929625,0.6827520600937307,1.0964409095725902,0.8425901273929627,0.0,0.0,-1.1883234547917794,-0.4690138035276442,-0.46964705461194683,-1.1883234547917794,-1.5766316849521096,-2.352181984201892,-0.3193969228097647,-0.8181898442743075,-1.1883234547917794,-0.9062106593109085,-1.3228756555322954,1.3228756555322954,-0.316227766016838
RCB_2,Rohit Thakur,Royal Challengers Bangalore,0.4671484164103677,0.5062991156645414,0.7734070697883925,0.4671484164103676,0.3363583141189772,0.33635831411897715,0.7649533198493587,0.7649533198493588,0.6797869409923092,0.6797869409923091,0.7190173214895544,-0.09300305205182997,-0.8743496442429807,-0.8743496442429807,-0.8643744329026788,-0.8643744329026788,-0.9061972700860873,-0.9061972700860871,-0.8858216163204213,-0.8858216163204212,-0.9107216724808479,-0.9030062332964561,0.4888345123284711,0.6241929363429588,0.7077545570344282,0.48883451232847064,-0.8833859249948562,-0.8945382658207964,-0.9100745252635992,-0.8833859249948566,0.0,0.0,-0.3906096123385207,-0.7120902301854598,-0.46964705461194683,-0.39060961233852065,0.5367804879083365,1.190234949574274,,,-0.3906096123385207,0.08021376205756446,0.7559289460184545,-0.7559289460184545,-0.316227766016838
RCB_3,Ravichandran Shami,Royal Challengers Bangalore,1.1432253700198656,0.6250191615039398,0.850888652371929,1.1432253700198656,1.3306377323748935,1.3306377323748937,1.4762370492105545,1.4762370492105548,1.4338363209165514,1.4338363209165512,0.7176557515633822,0.07072156981788617,-0.8743496442429807,-0.8743496442429807,-0.8643744329026788,-0.8643744329026788,-0.9061972700860873,-0.9061972700860871,-0.8858216163204213,-0.8858216163204212,-0.9107216724808479,-0.9030062332964561,1.202555296734748,0.6502665912276395,0.9502872712829862,1.2025552967347477,-0.8833859249948562,-0.8945382658207964,-0.9100745252635992,-0.8833859249948566,0.0,0.0,0.6365121325195965,-0.6785675548831821,-0.10615593054993018,0.6365121325195969,1.1668722764011594,0.9333145495111964,,,0.6365121325195965,1.1090113394184538,0.7559289460184545,-0.7559289460184545,-0.316227766016838
RCB_4,MS Sharma,Royal Challengers Bangalore,0.8432442051732671,1.4905038504348784,0.850888652371929,0.8432442051732671,0.9307041116239104,0.9307041116239104,1.3339803033383155,1.3339803033383155,1.559511217570592,1.5595112175705916,0.03728338542467581,-0.11753568785706786,-0.8743496442429807,-0.8743496442429807,-0.8643744329026788,-0.8643744329026788,-0.9061972700860873,-0.9061972700860871,-0.8858216163204213,-0.8858216163204212,-0.9107216724808479,-0.9030062332964561,0.9308341859201755,1.5066840932260825,0.9502872712829862,0.9308341859201752,-0.8833859249948562,-0.8945382658207964,-0.9100745252635992,-0.8833859249948566,0.0,0.0,0.24547593523858735,0.42252110988815095,-0.10615593054993018,0.24547593523858768,0.593608843556449,1.3853245778112222,,,0.24547593523858732,-0.19736738915739704,0.7559289460184545,-0.7559289460184545,-0.316227766016838
RCB_5,Sanju Yadav,Royal Challengers Bangalore,0.9193588290895685,0.9327991116412203,0.850888652371929,0.9193588290895682,0.8085021719499992,0.808502171949999,0.6938249469132393,0.6938249469132393,0.30276225103018806,0.302762251030188,0.6648020826110669,-0.5533143621843809,-0.8743496442429807,-0.8743496442429807,-0.8643744329026788,-0.8643744329026788,-0.9061972700860873,-0.9061972700860871,-0.8858216163204213,-0.8858216163204212,-0.9107216724808479,-0.9030062332964561,0.8583752230362897,0.8924705118443591,0.6774379677533585,0.8583752230362892,-0.8833859249948562,-0.8945382658207964,-0.9100745252635992,-0.8833859249948566,0.0,0.0,0.14119961596365171,-0.3671680436261941,-0.515083445119699,0.14119961596365188,0.9346452493468049,0.23131719041634713,,,0.14119961596365171,0.3035844809818489,0.7559289460184545,-0.7559289460184545,-0.316227766016838
RCB_6,Jasprit Chahar,Royal Challengers Bangalore,0.6865376265220592,0.9084012050654087,0.6959254872048558,0.686537626522059,1.1473348228640263,1.1473348228640263,0.05366959048816304,0.05366959048816292,0.4284371476842283,0.42843714768422836,-0.3561278038495847,-0.586126569150116,-0.8743496442429807,-0.8743496442429807,-0.8643744329026788,-0.8643744329026788,-0.9061972700860873,-0.9061972700860871,-0.8858216163204213,-0.8858216163204212,-0.9107216724808479,-0.9030062332964561,0.6446212825288261,0.7997701577607277,0.616804789191219,0.6446212825288256,-0.8833859249948562,-0.8945382658207964,-0.9100745252635992,-0.8833859249948566,0.0,0.0,-0.16641552589740866,-0.48635209680538877,-0.6059562261352031,-0.16641552589740868,0.30377525162232566,-0.6183256984371847,,,-0.16641552589740866,0.10886087450173591,0.7559289460184545,-0.7559289460184545,-0.316227766016838
RCB_7,Shardul Jadeja,Royal Challengers Bangalore,0.8521988668104793,1.2771321737718437,0.850888652371929,0.852198866810479,0.9584772797316179,0.9584772797316177,1.191723557466076,1.1917235574660763,0.6797869409923092,0.6797869409923091,0.3872481161456293,-0.4018452932187559,0.5540433389262451,0.5540433389262452,0.9524635470838434,0.9524635470838435,1.1831346200016222,1.1831346200016226,1.1967061430830435,1.1967061430830437,1.1802242313655544,1.0669076438670368,0.8221457415943468,1.3080897524766983,0.8896540927208467,0.8221457415943462,1.175156244804274,1.047759301237964,1.0964409095725902,1.175156244804274,0.0,0.0,2.6386174625983636,3.5676357938519456,3.3015733575314763,2.638617462598364,0.7524517941316443,0.741769668335329,0.11924162181674583,1.1552120522739675,2.638617462598364,-0.252185585485247,0.7559289460184545,-0.7559289460184545,3.16227766016838
RCB_8,KL Iyer,Royal Challengers Bangalore,-1.3327385726692225,-1.2840589321296036,-1.4348180338424004,-1.332738572669223,-1.3133678714788284,-1.3133678714788284,-1.3688978682342288,-1.3688978682342288,-1.0796616121642562,-1.079661612164256,-1.0609671689646545,0.4013612499553257,1.030174333315987,1.0301743333159872,1.5580762070793506,1.558076207079351,0.9449724356392926,0.9449724356392929,1.1967061430830435,1.1967061430830437,1.0595329488389738,0.8561907366864457,-1.3226395597686786,-1.3322588242836002,-1.4750398712025936,-1.322639559768679,1.2677695939567912,1.6499536154329233,1.1447906790867153,1.2677695939567912,0.0,0.0,-0.33325763673730574,2.050206487505186,0.030153240973326077,-0.33325763673730596,-1.3112450548450423,-1.168750381912449,0.45439485417294784,0.0795462644013421,-0.33325763673730574,-1.340594564670031,-1.3228756555322954,1.3228756555322954,-0.316227766016838
RCB_9,Ishan Yadav,Royal Challengers Bangalore,-1.1223040241947428,-1.4159053556438603,-1.241114077383559,-1.1223040241947433,-0.9523166860786352,-0.9523166860786353,-1.2266411223619895,-1.2266411223619897,-0.5769620255480946,-0.5769620255480944,-1.5014144102339506,-0.6333559804010391,1.7443708249006,1.7443708249006005,1.5580762070793506,1.558076207079351,1.166896289249645,1.1668962892496455,0.648672522187395,0.648672522187395,1.1149086284659517,1.1088200018295808,-1.1161315155496034,-1.3521870161463074,-1.2325071569540356,-1.1161315155496039,0.6489440337104267,1.0739156208960132,1.0964409095725902,0.6489440337104269,0.0,0.0,-0.8025010734745167,1.1044612188695064,0.3936443650353428,-0.8025010734745169,-1.2289497499589879,-0.743478758208371,-1.190578641549395,-1.418151076607911,-0.8025010734745172,-1.3275534127401176,-1.3228756555322954,1.3228756555322954,-0.316227766016838
RR_1,Jasprit Sharma,Rajasthan Royals,0.5790816868755164,0.5453192391922052,0.7734070697883925,0.5790816868755163,0.3085851460112702,0.30858514601127,1.049466811593837,1.049466811593837,0.30276225103018806,0.302762251030188,1.0089904560694705,0.058120693520014276,-0.8743496442429807,-0.8743496442429807,-0.8643744329026788,-0.8643744329026788,-0.9061972700860873,-0.9061972700860871,-0.8858216163204213,-0.8858216163204212,-0.9107216724808479,-0.9030062332964561,0.5431787344913857,0.7469500400839535,0.7987043248776374,0.5431787344913851,-0.8833859249948562,-0.8945382658207964,-0.9100745252635992,-0.8833859249948566,0.0,0.0,-0.3124023728823189,-0.5542624707877851,-0.3333378830886906,-0.31240237288231876,0.7544356092298364,1.3218825840289903,,,-0.31240237288231887,0.02209047355380271,0.7559289460184545,-0.7559289460184545,-0.316227766016838
RR_10,Mohammed Kishan,Rajasthan Royals,-1.193941317292438,-1.0201637650072197,-1.241114077383559,-1.1939413172924385,-1.1522834964541269,-1.1522834964541269,-1.1555127494258701,-1.1555127494258701,-1.2053365088182963,-1.2053365088182961,-0.31391913613825045,0.8596441626458037,1.4269501619741052,1.4269501619741056,1.5580762070793506,1.558076207079351,1.204785727670925,1.2047857276709253,0.8678859705456543,0.8678859705456545,1.0836515570296792,1.199632837839492,-1.2067052191544612,-1.0917594125961907,-1.2021905676729658,-1.2067052191544614,0.8594289181479657,1.0301611320722712,1.0964409095725902,0.8594289181479657,0.0,0.0,-0.6721556743808473,0.32359621987280063,-0.015283149534426006,-0.6721556743808472,-1.1330668770383359,-1.0765792667341363,-0.521544220706467,-0.8985091978930049,-0.6721556743808472,-0.887234771521744,-1.3228756555322954,1.3228756555322954,-0.316227766016838
RR_11,Ishan Ashwin,Rajasthan Royals,-1.2611012795715273,-1.008553503802829,-1.241114077383559,-1.2611012795715277,-1.3133678714788284,-1.3133678714788284,-1.3688978682342288,-1.3688978682342288,-1.0796616121642562,-1.079661612164256,1.0420807312449265,4.785592087802868,0.5540433389262451,0.5540433389262452,0.6496572170860898,0.6496572170860898,0.788001905036848,0.7880019050368484,1.3063128672621735,1.3063128672621733,0.9813366881436647,1.5369122289148427,-1.2646723894615697,-1.0488111633610495,-1.2021905676729658,-1.2646723894615701,1.2803986870230437,1.0140391424008675,1.0964409095725902,1.2803986870230435,0.0,0.0,-0.23419513342611706,0.055665526789223166,-0.515083445119699,-0.23419513342611695,-1.0413592767508388,-1.168750381912449,1.0126000153078343,1.381668007615573,-0.2341951334261166,-0.36051145961743014,-1.3228756555322954,1.3228756555322954,-0.316227766016838
RR_2,Bhuvneshwar Chahar,Rajasthan Royals,0.1582125899265574,0.6225922581405922,0.5409623220377826,0.1582125899265573,0.10861833563577859,0.10861833563577843,-0.08858715538407619,-0.08858715538407626,0.05141245772210721,0.05141245772210731,0.06414344669552487,-0.41831571992497685,-0.8743496442429807,-0.8743496442429807,-0.8643744329026788,-0.8643744329026788,-0.9061972700860873,-0.9061972700860871,-0.8858216163204213,-0.8858216163204212,-0.9107216724808479,-0.9030062332964561,0.10117906089968115,0.4288035327964445,0.40458866422373074,0.10117906089968062,-0.8833859249948562,-0.8945382658207964,-0.9100745252635992,-0.8833859249948566,0.0,0.0,-0.948487920459427,-0.9633007168458431,-0.9240109596894677,-0.9484879204594271,0.035466659091658706,0.06403528557786001,,,-0.9484879204594269,-0.2983143930979634,0.7559289460184545,-0.7559289460184545,-0.316227766016838
RR_3,Mohammed Dhawan,Rajasthan Royals,0.7178789422523009,0.8920508675167195,0.7346662784966241,0.7178789422523006,1.1140070211347777,1.1140070211347777,0.2670547092965218,0.2670547092965217,1.0568116309544302,1.0568116309544302,-0.2939907035824599,-0.49550948787710963,-0.8743496442429807,-0.8743496442429807,-0.8643744329026788,-0.8643744329026788,-0.9061972700860873,-0.9061972700860871,-0.8858216163204213,-0.8858216163204212,-0.9107216724808479,-0.9030062332964561,0.6880966602591577,0.9692941776710242,0.8290209141587072,0.6880966602591571,-0.8833859249948562,-0.8945382658207964,-0.9100745252635992,-0.8833859249948566,0.0,0.0,-0.1038497343324472,-0.26839651288268107,-0.2879014925809385,-0.10384973433244721,0.353401108438819,-0.08061916105737184,,,-0.10384973433244718,-0.010011427937982025,0.7559289460184545,-0.7559289460184545,-0.316227766016838
RR_4,Rohit Chahar,Rajasthan Royals,0.20746322893122307,0.6322508678332334,0.5409623220377826,0.2074632289312227,0.0697359002849884,0.0697359002849884,0.6938249469132393,0.6938249469132393,-1.0796616121642562,-1.079661612164256,0.8400732658346701,-0.06217968221315207,-0.8743496442429807,-0.8743496442429807,-0.8643744329026788,-0.8643744329026788,-0.9061972700860873,-0.9061972700860871,-0.8858216163204213,-0.8858216163204212,-0.9107216724808479,-0.9030062332964561,0.11567085347645845,0.5757465115985662,0.5561716106290795,0.11567085347645782,-0.8833859249948562,-0.8945382658207964,-0.9100745252635992,-0.8833859249948566,0.0,0.0,-0.9276326566044397,-0.7743773845351442,-0.6968290071507073,-0.9276326566044399,0.33482178080309644,0.30403674950820425,,,-0.9276326566044396,-0.4301853627107872,0.7559289460184545,-0.7559289460184545,-0.316227766016838
RR_5,Kuldeep Yadav,Rajasthan Royals,0.8163802202616315,0.5072443103779777,0.8896294436636973,0.8163802202616314,0.8696031417869547,0.8696031417869547,0.8360816927854783,0.8360816927854784,0.30276225103018806,0.302762251030188,0.49340931069231675,-0.3315974092427204,-0.8743496442429807,-0.8743496442429807,-0.8643744329026788,-0.8643744329026788,-0.9061972700860873,-0.9061972700860871,-0.8858216163204213,-0.8858216163204212,-0.9107216724808479,-0.9030062332964561,0.7822933120082094,0.5432834771293339,0.8290209141587072,0.7822933120082088,-0.8833859249948562,-0.8945382658207964,-0.9100745252635992,-0.8833859249948566,0.0,0.0,0.031709480724969166,-0.8161148305760563,-0.2879014925809385,0.03170948072496931,0.7662214099375344,0.30206528582657904,,,0.03170948072496916,0.6271572485256183,0.7559289460184545,-0.7559289460184545,-0.316227766016838
RR_6,Ishan Iyer,Rajasthan Royals,0.2656685295731001,-0.34560705450705154,0.15355440912009968,0.2656685295731,0.2474841761743141,0.24748417617431423,0.12479796342428237,0.12479796342428251,-0.19993733558597349,-0.19993733558597337,0.4597826594853404,-0.42910261048738074,-0.8743496442429807,-0.8743496442429807,-0.8643744329026788,-0.8643744329026788,-0.9061972700860873,-0.9061972700860871,-0.8858216163204213,-0.8858216163204212,-0.9107216724808479,-0.9030062332964561,0.21349045336970454,-0.18655256354237262,0.13173936069410302,0.2134904533697039,-0.8833859249948562,-0.8945382658207964,-0.9100745252635992,-0.8833859249948566,0.0,0.0,-0.7868596255832764,-1.754458792078453,-1.3329384742592365,-0.7868596255832766,0.2601493728421999,-0.03133888192442452,,,-0.7868596255832763,0.7943403970503257,0.7559289460184545,-0.7559289460184545,-0.316227766016838
RR_7,Kuldeep Pandya,Rajasthan Royals,1.0894974001965942,0.3140118389167518,0.7734070697883925,1.0894974001965942,0.9695865469747006,0.9695865469747005,1.1205951845299569,1.1205951845299567,1.0568116309544302,1.0568116309544302,0.8739062155153094,0.019284049890363017,0.792108836121116,0.7921088361211163,0.6496572170860898,0.6496572170860898,1.2264368353402277,1.226436835340228,0.648672522187395,0.648672522187395,1.2103918142101087,1.2732545337323198,1.1482110745718335,0.3314028742274742,0.9502872712829862,1.148211074571833,0.6068470568229191,1.1650281841078858,1.0964409095725902,0.6068470568229191,0.0,0.0,2.403995744229758,-0.06563577976037815,2.4382819378841867,2.4039957442297584,1.1901026917848077,0.8618999983046667,-1.377909751719779,-0.42997963511726983,2.4039957442297575,2.075693336445333,0.7559289460184545,-0.7559289460184545,3.16227766016838
RR_8,Rohit Iyer,Rajasthan Royals,-1.2969199261203748,-0.9180912886441194,-1.2798548686753273,-1.2969199261203752,-1.1467288628325856,-1.1467288628325853,-1.2266411223619895,-1.2266411223619897,-0.8283118188561753,-0.8283118188561751,-2.355325052417496,-0.16778308502818223,0.47468817319462153,0.4746881731946216,0.6496572170860898,0.6496572170860898,0.788001905036848,0.7880019050368484,1.1967061430830435,1.1967061430830437,0.9476931671260393,1.1341199415415353,-1.2719182857499585,-0.9431738553715696,-1.2021905676729658,-1.271918285749959,1.234092012446785,1.0805145183394425,1.1447906790867153,1.234092012446785,0.0,0.0,-0.301974740954825,1.0001737890478752,0.43908075554309484,-0.3019747409548252,-1.417625482688081,-0.6999973362294892,0.8038278833434882,1.4083098847145854,-0.30197474095482546,-0.926219610522378,-1.3228756555322954,1.3228756555322954,-0.316227766016838
RR_9,Deepak Dhoni,Rajasthan Royals,-1.1491680091063785,-1.0926287101941574,-1.241114077383559,-1.149168009106379,-1.1189556947248782,-1.1189556947248782,-1.4400262411703484,-1.4400262411703484,-0.8283118188561753,-0.8283118188561751,-1.0138485975801552,-0.6236379715589963,1.1888846647792342,1.1888846647792346,0.6496572170860898,0.6496572170860898,0.8691935587967331,0.8691935587967335,0.9774926947247843,0.9774926947247843,1.1739021276038029,1.0656552475600236,-1.1632298414241293,-1.1610848459121923,-1.2325071569540356,-1.1632298414241298,0.9394131742342307,0.8952176299883683,1.0480911400584652,0.9394131742342305,0.0,0.0,-0.5105273795046967,0.5051765316320405,0.12102602198883025,-0.5105273795046967,-1.1847033148029675,-1.3278375278512835,-0.4418374836838737,-0.4822387017345632,-0.5105273795046966,-0.8492992285043155,-1.3228756555322954,1.3228756555322954,-0.316227766016838
SH_1,Jasprit Jadeja,Sunrisers Hyderabad,0.7357882655267244,1.0140024517367523,0.8896294436636973,0.7357882655267244,0.5474343917375515,0.5474343917375516,0.907210065721598,0.907210065721598,1.0568116309544302,1.0568116309544302,0.6952104776289094,-0.20202729865525304,-0.8743496442429807,-0.8743496442429807,-0.8643744329026788,-0.8643744329026788,-0.9061972700860873,-0.9061972700860871,-0.8858216163204213,-0.8858216163204212,-0.9107216724808479,-0.9030062332964561,0.7931621564407922,0.9713503790358716,0.7683877355965677,0.7931621564407918,-0.8833859249948562,-0.8945382658207964,-0.9100745252635992,-0.8833859249948566,0.0,0.0,0.04735092861620953,-0.26575287235684225,-0.37877427359644267,0.04735092861620968,0.7775336522029754,1.2438093302647226,,,0.04735092861620952,0.12902679415231552,0.7559289460184545,-0.7559289460184545,-0.316227766016838
SH_10,Mohammed Dhawan,Sunrisers Hyderabad,-1.3103519185761925,-1.5031988063444648,-1.396077242550632,-1.3103519185761932,-1.4688976128819888,-1.4688976128819884,-1.653411359978707,-1.6534113599787073,-1.3310114054723368,-1.3310114054723365,0.08398935986185192,0.3790623944337734,1.1095294990476108,1.109529499047611,1.255269877081597,1.255269877081597,1.4104712505293004,1.410471250529301,0.8678859705456543,0.8678859705456545,1.2930298510192701,0.7445359702514539,-1.3335084042012615,-1.5262378211533159,-1.4447232819215239,-1.333508404201262,0.7331379874854425,0.17606036049279264,0.2986697125895269,0.7331379874854425,0.0,0.0,-1.0110537120243885,-1.3499621427971602,-1.605556817305749,-1.0110537120243885,-1.183959012789972,-2.4005632654143705,-0.9804902733061178,-0.5386784936812402,-1.0110537120243883,-0.0058016621474124164,-1.3228756555322954,1.3228756555322954,-0.316227766016838
SH_11,Suryakumar Pant,Sunrisers Hyderabad,-1.1402133474691667,-1.421942834423473,-1.2798548686753273,-1.1402133474691671,-1.0967371602387126,-1.0967371602387126,-0.9421276306175114,-0.9421276306175113,-0.45128712889405415,-0.4512871288940541,-0.889863214909033,-0.5764478706435046,1.1888846647792342,1.1888846647792346,0.9524635470838434,0.9524635470838435,1.3942329197773233,1.394232919777324,1.4159195914413032,1.4159195914413032,0.9945872563309551,0.984777977223398,-1.1088856192612149,-1.3352742292118842,-1.171873978391896,-1.1088856192612153,1.3940605246193147,0.5641420260511703,1.1447906790867153,1.3940605246193145,0.0,0.0,0.1307719840361583,-0.597259878281864,-0.10615593054993018,0.1307719840361583,-1.163297490560633,0.4893543355810015,1.2843560692413847,0.14487009767295925,0.13077198403615828,0.5065717632147579,-1.3228756555322954,1.3228756555322954,-0.316227766016838
SH_2,Shardul Thakur,Sunrisers Hyderabad,0.5253537170522451,1.023336694407584,0.8896294436636973,0.5253537170522449,0.8029475383284576,0.8029475383284576,0.19592633636040208,0.1959263363604021,0.30276225103018806,0.302762251030188,0.08667124001946253,-0.16074614009651833,-0.8743496442429807,-0.8743496442429807,-0.8643744329026788,-0.8643744329026788,-0.9061972700860873,-0.9061972700860871,-0.8858216163204213,-0.8858216163204212,-0.9107216724808479,-0.9030062332964561,0.45622797903072243,0.8551776882121349,0.7077545570344282,0.45622797903072193,-0.8833859249948562,-0.8945382658207964,-0.9100745252635992,-0.8833859249948566,0.0,0.0,-0.4375339560122418,-0.415115108326459,-0.46964705461194683,-0.4375339560122417,0.34942025242757263,-0.25594465188568327,,,-0.43753395601224176,-0.21309575665252897,0.7559289460184545,-0.7559289460184545,-0.316227766016838
SH_3,Ravichandran Dhoni,Sunrisers Hyderabad,1.0805427385593824,0.7039366565283784,0.850888652371929,1.0805427385593822,0.575207559845259,0.5752075598452587,0.8360816927854783,0.8360816927854784,0.6797869409923092,0.6797869409923091,1.783517445587711,-0.22665903825759293,-0.8743496442429807,-0.8743496442429807,-0.8643744329026788,-0.8643744329026788,-0.9061972700860873,-0.9061972700860871,-0.8858216163204213,-0.8858216163204212,-0.9107216724808479,-0.9030062332964561,1.0177849413808389,0.6400227450716803,0.9199706820019165,1.0177849413808384,-0.8833859249948562,-0.8945382658207964,-0.9100745252635992,-0.8833859249948566,0.0,0.0,0.3706075183685103,-0.6917379803586864,-0.15159232105768225,0.37060751836851064,1.6072480347013773,0.8955298666994616,,,0.37060751836851025,0.8492337502594086,0.7559289460184545,-0.7559289460184545,-0.316227766016838
SH_4,Deepak Chahar,Sunrisers Hyderabad,0.5656496944196986,0.5972636633287218,0.850888652371929,0.5656496944196985,0.3530222149836015,0.3530222149836015,0.19592633636040208,0.1959263363604021,0.30276225103018806,0.302762251030188,0.7812782008408773,-0.4519033512683993,-0.8743496442429807,-0.8743496442429807,-0.8643744329026788,-0.8643744329026788,-0.9061972700860873,-0.9061972700860871,-0.8858216163204213,-0.8858216163204212,-0.9107216724808479,-0.9030062332964561,0.5178180974820257,0.5258384901484237,0.738071146315498,0.517818097482025,-0.8833859249948562,-0.8945382658207964,-0.9100745252635992,-0.8833859249948566,0.0,0.0,-0.34889908462854613,-0.8385437012809881,-0.4242106641041948,-0.3488990846285463,0.6528587802050099,0.2532809775264825,,,-0.3488990846285461,0.24237955349760607,0.7559289460184545,-0.7559289460184545,-0.316227766016838
SH_5,Hardik Pant,Sunrisers Hyderabad,0.6014683409685461,0.4422858004521409,0.5022215307460144,0.601468340968546,0.7918382710853749,0.7918382710853746,0.48043982810488056,0.48043982810488045,-0.07426243893193304,-0.07426243893193303,-0.03607635180968499,-0.14992891093419644,-0.8743496442429807,-0.8743496442429807,-0.8643744329026788,-0.8643744329026788,-0.9061972700860873,-0.9061972700860871,-0.8858216163204213,-0.8858216163204212,-0.9107216724808479,-0.9030062332964561,0.5685393715007458,0.36573146928788397,0.5258550213480098,0.5685393715007452,-0.8833859249948562,-0.8945382658207964,-0.9100745252635992,-0.8833859249948566,0.0,0.0,-0.2759056611360912,-1.044391929987748,-0.7422653976584593,-0.2759056611360913,0.364633538767497,-0.17441956362519973,,,-0.2759056611360912,0.5365842980975577,0.7559289460184545,-0.7559289460184545,-0.316227766016838
SH_6,Ravindra Rahul,Sunrisers Hyderabad,0.3552151459452193,1.4063802166149908,0.850888652371929,0.35521514594521897,0.1475007709865683,0.14750077098656844,0.05366959048816304,0.05366959048816292,0.4284371476842283,0.42843714768422836,0.7587504075169396,-0.20486875938089813,-0.8743496442429807,-0.8743496442429807,-0.8643744329026788,-0.8643744329026788,-0.9061972700860873,-0.9061972700860871,-0.8858216163204213,-0.8858216163204212,-0.9107216724808479,-0.9030062332964561,0.31855594955133915,1.1874349402990891,0.738071146315498,0.3185559495513386,-0.8833859249948562,-0.8945382658207964,-0.9100745252635992,-0.8833859249948566,0.0,0.0,-0.6356589626346196,0.012065201752820394,-0.4242106641041948,-0.6356589626346197,0.4464923631976656,0.4594644023434535,,,-0.6356589626346196,-0.6838717631229676,0.7559289460184545,-0.7559289460184545,-0.316227766016838
SH_7,Virat Kohli,Sunrisers Hyderabad,1.2551586404850144,-0.061015013499441266,0.850888652371929,1.2551586404850141,1.3028645642671866,1.3028645642671866,0.9783384386577174,0.9783384386577175,1.4338363209165514,1.4338363209165512,0.8524924339491493,-0.10479070513971275,1.903081156363847,1.9030811563638477,1.5580762070793506,1.558076207079351,0.9124957741353386,0.9124957741353389,1.3063128672621735,1.3063128672621733,1.0681319645451481,0.9699262418380595,1.2967519484838,0.14447393599672953,0.9502872712829862,1.2967519484837995,1.2635598962680403,0.8657954861660324,1.0964409095725902,1.2635598962680403,0.0,0.0,3.4311174890878755,0.7528118059468252,2.5291547188996906,3.431117489087876,1.3380228903443,0.541312537283655,0.7334376010850858,-0.8181898442743075,3.431117489087875,2.0146672251168316,0.7559289460184545,-0.7559289460184545,3.16227766016838
SH_8,Shreyas Pandya,Sunrisers Hyderabad,-1.2521466179343155,-1.119618857470458,-1.2798548686753273,-1.252146617934316,-1.2411576343987898,-1.2411576343987898,-1.2266411223619895,-1.2266411223619897,-1.3310114054723368,-1.3310114054723365,0.2111104793326433,2.6344808124844024,1.506305327705729,1.5063053277057294,0.9524635470838434,0.9524635470838435,1.1831346200016222,1.1831346200016226,1.0870994189039138,1.087099418903914,1.1644824079270455,1.0736538885404139,-1.2646723894615697,-1.14738182451394,-1.2021905676729658,-1.2646723894615701,1.0530750118305017,1.245619199462494,1.0964409095725902,1.0530750118305017,0.0,0.0,-0.5157411954684437,0.8298396217957641,0.030153240973326077,-0.5157411954684435,-1.121730582643061,-1.3134634854532772,-0.1294020480630289,-0.7017267815271961,-0.5157411954684431,-1.0072796889066569,-1.3228756555322954,1.3228756555322954,-0.316227766016838
SH_9,Ravichandran Yadav,Sunrisers Hyderabad,-1.2611012795715273,-1.0663006270736064,-1.241114077383559,-1.2611012795715277,-1.1745020309402927,-1.1745020309402925,-1.0843843764897505,-1.0843843764897505,-1.2053365088182963,-1.2053365088182961,-1.643223981029508,-0.4786598137489984,0.7127536703894924,0.7127536703894926,0.6496572170860898,0.6496572170860898,1.3455179275213922,1.3455179275213927,0.4294590738291355,0.42945907382913556,1.0854859737300782,1.1372358425003897,-1.2574264931731811,-1.1263161247424802,-1.2628237462351053,-1.2574264931731816,0.42162035851788476,1.2619831519402873,1.0964409095725902,0.4216203585178848,0.0,0.0,-1.287385958102968,0.5381358021966859,-0.6059562261352031,-1.2873859581029683,-1.3258056772153273,-0.8343427077961226,-1.7324999176756783,-0.7017267815271961,-1.2873859581029683,-1.4781813550579967,-1.3228756555322954,1.3228756555322954,-0.316227766016838
